location_id,datetimeUtc,pm2.5,pm10,o3,no2,so2,co,temperature,humidity,AQI
5408,2025-05-01 00:15:00+00:00,19.0,28.0,4.1,35.9,10.0,970.0,22.9,84.0,48
5408,2025-05-01 00:30:00+00:00,19.0,28.0,5.5,36.1,9.5,890.0,23.2,83.0,45
5408,2025-05-01 00:45:00+00:00,19.0,28.0,8.0,36.0,9.2,1030.0,23.4,83.0,45
5408,2025-05-01 01:00:00+00:00,19.0,28.0,8.4,34.6,8.9,1060.0,23.5,82.0,43
5408,2025-05-01 01:30:00+00:00,17.0,23.0,15.3,35.2,8.9,920.0,23.9,78.0,46
5408,2025-05-01 01:45:00+00:00,17.0,23.0,17.4,33.5,8.8,950.0,24.3,77.0,48
5408,2025-05-01 02:00:00+00:00,17.0,23.0,16.9,33.7,9.1,1150.0,25.0,76.0,54
5408,2025-05-01 02:15:00+00:00,16.0,31.0,19.0,34.6,8.9,1020.0,25.4,74.0,43
5408,2025-05-01 02:30:00+00:00,16.0,31.0,21.2,34.8,8.8,970.0,25.8,73.0,48
5408,2025-05-01 02:45:00+00:00,16.0,31.0,22.3,35.3,9.0,860.0,26.5,72.0,44
5408,2025-05-01 03:00:00+00:00,16.0,31.0,22.7,35.0,8.9,1040.0,27.1,70.0,44
5408,2025-05-01 03:15:00+00:00,17.0,30.0,23.5,33.9,9.1,610.0,27.4,70.0,42
5408,2025-05-01 03:30:00+00:00,17.0,30.0,22.0,34.1,9.1,230.0,27.8,70.0,43
5408,2025-05-01 03:45:00+00:00,17.0,30.0,22.0,34.2,9.0,370.0,27.9,70.0,43
5408,2025-05-01 04:00:00+00:00,17.0,30.0,22.5,35.0,9.0,250.0,28.4,69.0,44
5408,2025-05-01 04:15:00+00:00,13.0,26.0,19.4,34.1,9.4,230.0,29.0,67.0,43
5408,2025-05-01 04:30:00+00:00,13.0,26.0,17.4,36.9,9.2,540.0,29.4,64.0,46
5408,2025-05-01 04:45:00+00:00,13.0,26.0,22.0,36.3,9.2,580.0,29.7,63.0,45
5408,2025-05-01 05:00:00+00:00,13.0,26.0,22.0,38.4,9.1,470.0,30.1,61.0,48
5408,2025-05-01 05:15:00+00:00,7.0,28.0,24.1,39.4,9.2,-1120.0,30.6,59.0,49
5408,2025-05-01 05:30:00+00:00,7.0,28.0,24.3,36.8,9.4,14.069999999999999,30.9,57.0,46
5408,2025-05-01 05:45:00+00:00,7.0,28.0,23.5,35.2,9.2,10.9,31.4,56.0,44
5408,2025-05-01 06:15:00+00:00,7.0,28.0,22.3,8.9,9.3,650.0,31.1,56.0,32
5408,2025-05-01 06:30:00+00:00,7.0,28.0,21.6,-10.0,9.6,0.0,31.0,56.0,28
5408,2025-05-01 06:45:00+00:00,7.0,28.0,20.0,51.6,9.7,0.0,31.9,53.0,64
5408,2025-05-01 07:00:00+00:00,7.0,28.0,24.5,43.6,10.1,1490.0,32.6,51.0,72
5408,2025-05-01 07:15:00+00:00,49.0,29.0,27.6,40.0,0.7,1320.0,32.8,49.0,81
5408,2025-05-01 07:30:00+00:00,49.0,29.0,26.7,40.3,377.5,0.0,33.2,48.0,199
5408,2025-05-01 07:45:00+00:00,49.0,29.0,28.4,36.1,7.3,1410.0,33.2,46.0,81
5408,2025-05-01 08:15:00+00:00,49.0,33.0,32.9,40.3,8.9,1420.0,33.0,45.0,81
5408,2025-05-01 08:30:00+00:00,23.0,33.0,34.9,38.5,9.6,1820.0,33.8,43.0,90
5408,2025-05-01 08:45:00+00:00,23.0,33.0,36.5,35.6,9.9,1950.0,33.7,43.0,97
5408,2025-05-01 09:00:00+00:00,23.0,33.0,37.8,33.2,9.9,1770.0,33.7,42.0,87
5408,2025-05-01 09:15:00+00:00,22.0,38.0,35.7,32.7,10.3,1630.0,33.9,43.0,80
5408,2025-05-01 09:30:00+00:00,22.0,38.0,30.2,34.5,10.7,1560.0,33.7,44.0,76
5408,2025-05-01 09:45:00+00:00,22.0,38.0,32.1,36.4,10.3,1830.0,33.3,46.0,91
5408,2025-05-01 10:00:00+00:00,22.0,38.0,29.8,33.4,10.2,2140.0,33.2,48.0,102
5408,2025-05-01 10:15:00+00:00,22.0,33.0,28.2,30.8,10.1,2210.0,33.1,48.0,102
5408,2025-05-01 10:30:00+00:00,22.0,33.0,31.4,29.2,10.3,2270.0,32.2,48.0,103
5408,2025-05-01 10:45:00+00:00,22.0,33.0,27.6,27.5,10.6,2130.0,31.6,50.0,101
5408,2025-05-01 11:00:00+00:00,22.0,33.0,27.0,28.7,10.7,2200.0,31.2,50.0,102
5408,2025-05-01 11:15:00+00:00,21.0,67.0,24.3,30.6,11.0,1560.0,30.7,52.0,76
5408,2025-05-01 11:30:00+00:00,21.0,67.0,26.5,34.9,11.4,500.0,30.3,53.0,67
5408,2025-05-01 11:45:00+00:00,21.0,67.0,27.6,36.3,11.8,880.0,29.9,54.0,67
5408,2025-05-01 12:00:00+00:00,21.0,67.0,26.3,34.4,11.7,1030.0,29.8,54.0,67
5408,2025-05-01 12:15:00+00:00,22.0,45.0,24.9,32.9,11.6,1170.0,29.6,54.0,55
5408,2025-05-01 12:30:00+00:00,22.0,45.0,23.5,33.4,11.7,0.0,29.3,54.0,45
5408,2025-05-01 12:45:00+00:00,22.0,45.0,23.5,32.3,11.9,770.0,28.9,55.0,45
5408,2025-05-01 13:00:00+00:00,22.0,45.0,21.8,33.5,12.1,1580.0,28.5,58.0,77
5408,2025-05-01 13:15:00+00:00,22.0,50.0,15.7,37.1,12.2,710.0,28.2,60.0,50
5408,2025-05-01 13:30:00+00:00,22.0,50.0,10.2,38.5,12.6,980.0,27.9,62.0,50
5408,2025-05-01 13:45:00+00:00,22.0,50.0,8.2,43.6,12.4,1690.0,27.6,64.0,83
5408,2025-05-01 14:00:00+00:00,22.0,50.0,7.4,46.5,12.1,1470.0,27.3,66.0,71
5408,2025-05-01 14:15:00+00:00,32.0,89.0,5.9,48.7,12.3,1520.0,27.1,69.0,89
5408,2025-05-01 14:30:00+00:00,32.0,89.0,3.9,48.2,12.5,1370.0,26.8,71.0,89
5408,2025-05-01 14:45:00+00:00,32.0,89.0,7.3,46.1,12.7,1350.0,26.6,72.0,89
5408,2025-05-01 15:00:00+00:00,32.0,89.0,7.8,46.4,12.9,1560.0,26.6,73.0,89
5408,2025-05-01 15:15:00+00:00,32.0,45.0,7.3,42.7,12.5,840.0,26.4,74.0,53
5408,2025-05-01 15:30:00+00:00,32.0,45.0,7.4,37.2,12.8,220.0,26.2,75.0,53
5408,2025-05-01 15:45:00+00:00,32.0,45.0,8.0,35.5,12.8,490.0,26.1,76.0,53
5408,2025-05-01 16:00:00+00:00,32.0,45.0,6.1,37.0,12.7,600.0,25.9,76.0,53
5408,2025-05-01 16:15:00+00:00,23.0,35.0,5.9,38.1,12.7,470.0,25.7,77.0,48
5408,2025-05-01 16:30:00+00:00,23.0,35.0,3.7,36.5,12.8,260.0,25.6,78.0,46
5408,2025-05-01 16:45:00+00:00,23.0,35.0,4.1,34.6,13.0,560.0,25.4,78.0,43
5408,2025-05-01 17:00:00+00:00,23.0,35.0,4.5,33.3,12.8,470.0,25.3,79.0,42
5408,2025-05-01 17:15:00+00:00,22.0,43.0,2.7,33.1,12.7,500.0,25.4,79.0,43
5408,2025-05-01 17:30:00+00:00,22.0,43.0,4.3,35.4,12.9,270.0,25.2,80.0,44
5408,2025-05-01 17:45:00+00:00,22.0,43.0,5.9,34.2,12.7,370.0,25.1,80.0,43
5408,2025-05-01 18:00:00+00:00,22.0,43.0,4.7,34.1,12.7,420.0,25.1,80.0,43
5408,2025-05-01 18:15:00+00:00,19.0,26.0,4.7,33.0,13.0,370.0,24.9,81.0,41
5408,2025-05-01 19:15:00+00:00,28.0,42.0,8.8,31.2,10.2,340.0,24.8,82.0,47
5408,2025-05-01 19:30:00+00:00,28.0,42.0,14.7,28.3,9.7,290.0,24.8,82.0,47
5408,2025-05-01 19:45:00+00:00,28.0,42.0,16.5,29.2,9.7,390.0,24.9,82.0,47
5408,2025-05-01 20:00:00+00:00,28.0,42.0,16.7,28.9,9.5,340.0,24.9,82.0,47
5408,2025-05-01 20:15:00+00:00,30.0,29.0,15.9,28.0,9.5,410.0,24.9,82.0,50
5408,2025-05-01 20:30:00+00:00,30.0,29.0,14.9,26.8,9.2,110.0,25.0,82.0,50
5408,2025-05-01 20:45:00+00:00,30.0,29.0,13.5,27.1,9.5,270.0,25.3,81.0,50
5408,2025-05-01 21:00:00+00:00,30.0,29.0,12.3,27.7,10.0,410.0,25.5,81.0,50
5408,2025-05-01 21:15:00+00:00,18.0,9.0,-24.1,28.2,10.0,0.0,25.5,81.0,35
5408,2025-05-01 21:30:00+00:00,18.0,9.0,127.4,28.7,10.0,0.0,25.4,81.0,140
5408,2025-05-01 21:45:00+00:00,18.0,9.0,23.1,29.3,10.3,0.0,25.3,81.0,37
5408,2025-05-01 22:00:00+00:00,18.0,9.0,28.4,27.3,10.1,0.0,25.3,81.0,34
5408,2025-05-01 22:15:00+00:00,18.0,11.0,13.1,26.3,10.0,10.0,25.4,81.0,33
5408,2025-05-01 22:30:00+00:00,18.0,11.0,8.6,26.1,10.3,180.0,25.4,81.0,33
5408,2025-05-01 22:45:00+00:00,18.0,11.0,5.9,26.8,10.0,240.0,25.4,81.0,34
5408,2025-05-01 23:00:00+00:00,18.0,11.0,4.9,26.9,9.9,220.0,25.1,81.0,34
5408,2025-05-01 23:15:00+00:00,16.0,7.0,5.1,27.4,10.1,190.0,24.8,82.0,34
5408,2025-05-01 23:30:00+00:00,16.0,7.0,5.9,26.5,10.0,210.0,24.6,83.0,33
5408,2025-05-01 23:45:00+00:00,16.0,7.0,7.8,26.6,9.9,310.0,24.7,83.0,33
5408,2025-05-02 00:15:00+00:00,13.0,7.0,8.4,25.3,10.0,340.0,24.6,84.0,32
5408,2025-05-02 00:30:00+00:00,13.0,7.0,7.6,26.4,10.4,180.0,24.6,84.0,33
5408,2025-05-02 00:45:00+00:00,13.0,7.0,12.5,27.0,10.8,320.0,24.8,83.0,34
5408,2025-05-02 01:00:00+00:00,13.0,7.0,13.9,26.2,11.1,340.0,24.9,82.0,33
5408,2025-05-02 01:15:00+00:00,12.0,16.0,12.2,26.2,11.1,320.0,25.1,82.0,33
5408,2025-05-02 01:30:00+00:00,12.0,16.0,8.6,30.0,11.4,270.0,25.3,81.0,38
5408,2025-05-02 01:45:00+00:00,12.0,16.0,13.1,34.9,11.2,380.0,25.6,81.0,44
5408,2025-05-02 02:00:00+00:00,12.0,16.0,15.7,35.8,11.0,420.0,26.2,79.0,45
5408,2025-05-02 02:30:00+00:00,23.0,37.0,11.4,33.9,11.1,210.0,27.3,75.0,42
5408,2025-05-02 02:45:00+00:00,23.0,37.0,20.2,32.6,11.0,520.0,27.6,74.0,41
5408,2025-05-02 03:00:00+00:00,23.0,37.0,17.4,30.9,11.2,310.0,27.6,74.0,39
5408,2025-05-02 03:15:00+00:00,17.0,28.0,18.0,30.4,10.7,350.0,28.5,71.0,38
5408,2025-05-02 03:30:00+00:00,17.0,28.0,16.3,31.1,10.7,140.0,28.3,70.0,39
5408,2025-05-02 03:45:00+00:00,17.0,28.0,22.9,30.9,10.6,400.0,28.8,67.0,39
5408,2025-05-02 04:15:00+00:00,13.0,32.0,22.3,27.6,10.3,350.0,29.7,63.0,34
5408,2025-05-02 04:45:00+00:00,13.0,32.0,23.3,23.3,10.4,150.0,30.1,56.0,32
5408,2025-05-02 05:00:00+00:00,13.0,32.0,26.5,22.2,10.5,-410.0,30.7,53.0,32
5408,2025-05-02 05:15:00+00:00,16.0,31.0,22.3,20.1,10.5,-130.0,31.2,53.0,31
5408,2025-05-02 05:30:00+00:00,16.0,31.0,23.9,20.8,10.4,16.09,31.7,50.0,31
5408,2025-05-02 05:45:00+00:00,16.0,31.0,23.7,22.1,10.3,12.55,32.0,49.0,31
5408,2025-05-02 06:00:00+00:00,16.0,31.0,24.5,22.1,10.2,340.0,32.3,47.0,31
5408,2025-05-02 06:15:00+00:00,12.0,41.0,18.8,8.0,10.6,480.0,32.5,47.0,41
5408,2025-05-02 06:30:00+00:00,12.0,41.0,19.4,-4.9,9.7,0.0,32.7,46.0,41
5408,2025-05-02 06:45:00+00:00,12.0,41.0,25.5,28.0,8.7,80.0,32.5,46.0,41
5408,2025-05-02 07:00:00+00:00,12.0,41.0,27.2,21.8,8.4,570.0,32.7,45.0,41
5408,2025-05-02 07:15:00+00:00,13.0,45.0,26.9,21.0,-2.9,440.0,33.1,44.0,45
5408,2025-05-02 07:30:00+00:00,13.0,45.0,27.2,21.5,373.2,0.0,33.5,43.0,198
5408,2025-05-02 07:45:00+00:00,13.0,45.0,29.4,21.5,8.0,0.0,33.4,43.0,45
5408,2025-05-02 08:00:00+00:00,13.0,45.0,28.0,21.8,7.7,0.0,33.8,43.0,45
5408,2025-05-02 08:15:00+00:00,23.0,54.0,24.5,21.5,8.7,530.0,33.6,43.0,54
5408,2025-05-02 08:30:00+00:00,23.0,54.0,0.0,20.8,8.7,810.0,33.7,43.0,54
5408,2025-05-02 08:45:00+00:00,23.0,54.0,0.0,19.3,8.6,960.0,33.6,43.0,54
5408,2025-05-02 09:00:00+00:00,23.0,54.0,0.0,20.3,8.8,1190.0,34.1,41.0,56
5408,2025-05-02 09:15:00+00:00,24.0,52.0,0.0,23.7,8.8,1450.0,34.1,42.0,70
5408,2025-05-02 09:30:00+00:00,24.0,52.0,0.0,23.3,8.8,1350.0,33.8,43.0,65
5408,2025-05-02 09:45:00+00:00,24.0,52.0,31.9,22.8,8.8,1260.0,33.5,43.0,60
5408,2025-05-02 10:00:00+00:00,24.0,52.0,28.2,25.2,9.1,1040.0,33.2,43.0,52
5408,2025-05-02 10:15:00+00:00,23.0,60.0,28.0,23.8,9.2,1310.0,33.0,44.0,62
5408,2025-05-02 10:30:00+00:00,23.0,60.0,28.0,25.2,9.2,1570.0,32.9,44.0,77
5408,2025-05-02 10:45:00+00:00,23.0,60.0,28.2,25.3,9.3,1580.0,32.5,45.0,77
5408,2025-05-02 11:00:00+00:00,23.0,60.0,29.2,27.2,9.7,1610.0,32.1,46.0,79
5408,2025-05-02 11:30:00+00:00,27.0,76.0,25.9,29.2,9.3,1510.0,30.9,50.0,76
5408,2025-05-02 11:45:00+00:00,27.0,76.0,25.7,30.4,9.3,1910.0,30.5,51.0,95
5408,2025-05-02 12:00:00+00:00,27.0,76.0,21.2,32.8,9.9,2060.0,30.2,52.0,76
5408,2025-05-02 12:15:00+00:00,24.0,96.0,16.9,36.6,9.9,2130.0,29.8,53.0,101
5408,2025-05-02 12:30:00+00:00,24.0,96.0,15.9,40.8,10.3,1890.0,29.6,53.0,96
5408,2025-05-02 12:45:00+00:00,24.0,96.0,14.9,47.1,10.6,2210.0,29.2,55.0,102
5408,2025-05-02 13:00:00+00:00,24.0,96.0,17.8,49.1,10.5,2360.0,29.0,57.0,104
5408,2025-05-02 13:30:00+00:00,27.0,78.0,14.1,42.5,10.6,1940.0,28.5,60.0,97
5408,2025-05-02 13:45:00+00:00,27.0,78.0,13.5,40.6,10.4,2240.0,28.3,62.0,103
5408,2025-05-02 14:00:00+00:00,27.0,78.0,12.3,38.1,10.2,2460.0,28.1,65.0,106
5408,2025-05-02 14:15:00+00:00,30.0,101.0,11.4,36.6,10.5,2070.0,27.7,68.0,101
5408,2025-05-02 14:30:00+00:00,30.0,101.0,13.5,36.4,10.2,2130.0,27.5,70.0,101
5408,2025-05-02 14:45:00+00:00,30.0,101.0,12.3,35.9,10.0,2280.0,27.3,72.0,103
5408,2025-05-02 15:00:00+00:00,30.0,101.0,12.3,34.7,10.0,2400.0,27.1,72.0,105
5408,2025-05-02 15:15:00+00:00,21.0,27.0,12.9,33.5,10.1,1900.0,27.0,73.0,95
5408,2025-05-02 15:30:00+00:00,21.0,27.0,14.1,32.0,10.0,890.0,26.9,73.0,44
5408,2025-05-02 15:45:00+00:00,21.0,27.0,12.7,30.6,9.7,980.0,26.7,74.0,49
5408,2025-05-02 16:00:00+00:00,21.0,27.0,12.5,26.6,10.0,1100.0,26.6,75.0,51
5408,2025-05-02 16:30:00+00:00,19.0,28.0,11.2,27.2,9.8,900.0,26.3,76.0,45
5408,2025-05-02 16:45:00+00:00,19.0,28.0,10.8,27.2,9.7,960.0,26.2,76.0,48
5408,2025-05-02 17:00:00+00:00,19.0,28.0,9.2,27.1,9.7,1270.0,26.1,77.0,60
5408,2025-05-02 17:15:00+00:00,22.0,41.0,7.8,27.1,9.9,1080.0,26.0,77.0,41
5408,2025-05-02 17:30:00+00:00,22.0,41.0,6.7,29.1,9.9,820.0,26.1,78.0,41
5408,2025-05-02 17:45:00+00:00,22.0,41.0,5.1,30.4,10.1,1010.0,26.1,77.0,41
5408,2025-05-02 18:00:00+00:00,22.0,41.0,5.5,31.9,9.6,970.0,26.0,78.0,48
5408,2025-05-02 18:15:00+00:00,22.0,36.0,6.5,31.6,9.3,800.0,26.1,78.0,40
5408,2025-05-02 19:15:00+00:00,22.0,33.0,10.2,28.0,9.7,850.0,26.0,80.0,42
5408,2025-05-02 19:30:00+00:00,22.0,33.0,6.7,26.8,9.9,490.0,25.9,80.0,37
5408,2025-05-02 19:45:00+00:00,22.0,33.0,15.1,26.6,10.0,780.0,25.9,81.0,39
5408,2025-05-02 20:00:00+00:00,22.0,33.0,14.1,26.8,9.9,740.0,25.8,81.0,37
5408,2025-05-02 20:30:00+00:00,17.0,35.0,7.6,25.9,9.8,470.0,25.8,81.0,35
5408,2025-05-02 20:45:00+00:00,17.0,35.0,14.5,23.7,9.8,650.0,25.7,81.0,35
5408,2025-05-02 21:00:00+00:00,17.0,35.0,13.7,23.8,10.0,710.0,25.6,81.0,36
5408,2025-05-02 21:30:00+00:00,19.0,27.0,147.8,25.8,9.7,0.0,25.8,81.0,170
5408,2025-05-02 21:45:00+00:00,19.0,27.0,32.1,26.2,9.5,0.0,25.7,81.0,33
5408,2025-05-02 22:00:00+00:00,19.0,27.0,16.3,26.3,9.7,240.0,25.6,81.0,33
5408,2025-05-02 22:15:00+00:00,18.0,20.0,10.8,25.8,9.5,500.0,25.5,82.0,32
5408,2025-05-02 22:30:00+00:00,18.0,20.0,9.8,25.8,9.6,410.0,25.4,82.0,32
5408,2025-05-02 22:45:00+00:00,18.0,20.0,9.8,25.4,10.0,680.0,25.2,82.0,34
5408,2025-05-02 23:00:00+00:00,18.0,20.0,10.4,25.3,10.3,680.0,25.1,83.0,34
5408,2025-05-02 23:15:00+00:00,16.0,18.0,10.0,25.4,10.0,1020.0,25.1,83.0,32
5408,2025-05-02 23:30:00+00:00,16.0,18.0,8.8,25.3,10.1,610.0,25.0,82.0,32
5408,2025-05-02 23:45:00+00:00,16.0,18.0,15.1,24.3,10.0,820.0,25.1,82.0,41
5408,2025-05-03 00:00:00+00:00,16.0,18.0,14.7,24.5,10.0,1000.0,25.1,82.0,50
5408,2025-05-03 00:30:00+00:00,16.0,12.0,8.0,23.4,9.7,730.0,25.2,82.0,36
5408,2025-05-03 00:45:00+00:00,16.0,12.0,15.9,24.8,9.4,1010.0,25.3,81.0,31
5408,2025-05-03 01:00:00+00:00,16.0,12.0,15.5,24.8,9.0,1130.0,25.6,80.0,53
5408,2025-05-03 01:30:00+00:00,13.0,11.0,13.5,22.9,8.9,980.0,26.2,78.0,49
5408,2025-05-03 01:45:00+00:00,13.0,11.0,15.9,22.5,9.1,1020.0,26.7,77.0,28
5408,2025-05-03 02:00:00+00:00,13.0,11.0,15.3,22.9,9.3,1050.0,26.8,77.0,29
5408,2025-05-03 02:15:00+00:00,16.0,27.0,15.5,25.8,9.0,980.0,27.1,76.0,49
5408,2025-05-03 02:30:00+00:00,16.0,27.0,13.5,25.6,9.5,950.0,27.7,74.0,48
5408,2025-05-03 02:45:00+00:00,16.0,27.0,18.4,26.0,9.1,1290.0,28.4,70.0,61
5408,2025-05-03 03:00:00+00:00,16.0,27.0,18.2,25.8,9.1,1000.0,28.4,68.0,50
5408,2025-05-03 03:15:00+00:00,17.0,31.0,19.4,25.2,9.1,740.0,29.0,65.0,37
5408,2025-05-03 03:30:00+00:00,17.0,31.0,18.8,24.5,8.9,0.0,29.3,63.0,31
5408,2025-05-03 03:45:00+00:00,17.0,31.0,28.0,25.5,8.9,420.0,29.3,62.0,32
5408,2025-05-03 04:00:00+00:00,17.0,31.0,27.4,24.9,9.3,600.0,29.9,59.0,31
5408,2025-05-03 04:15:00+00:00,21.0,35.0,25.3,24.4,9.3,170.0,30.5,57.0,35
5408,2025-05-03 04:30:00+00:00,21.0,35.0,28.0,24.0,9.7,480.0,30.5,57.0,35
5408,2025-05-03 04:45:00+00:00,21.0,35.0,31.9,23.4,9.6,550.0,30.9,56.0,35
5408,2025-05-03 05:15:00+00:00,26.0,47.0,34.3,24.6,9.6,-1080.0,31.6,54.0,47
5408,2025-05-03 05:30:00+00:00,26.0,47.0,36.7,24.9,9.9,14.0399999999999,32.0,53.0,47
5408,2025-05-03 05:45:00+00:00,26.0,47.0,41.4,25.7,9.3,11.1799999999999,31.9,54.0,47
5408,2025-05-03 06:00:00+00:00,26.0,47.0,39.6,26.1,9.8,0.0,31.6,54.0,47
5408,2025-05-03 06:15:00+00:00,30.0,55.0,37.2,7.1,9.8,0.0,31.8,53.0,55
5408,2025-05-03 06:30:00+00:00,30.0,55.0,40.2,10.9,10.4,0.0,32.2,51.0,55
5408,2025-05-03 06:45:00+00:00,30.0,55.0,42.9,27.9,10.7,0.0,31.6,52.0,55
5408,2025-05-03 07:00:00+00:00,30.0,55.0,42.9,23.1,10.8,0.0,32.0,52.0,55
5408,2025-05-03 07:30:00+00:00,34.0,68.0,40.2,26.8,377.0,270.0,33.8,47.0,199
5408,2025-05-03 07:45:00+00:00,34.0,68.0,45.7,25.9,11.0,240.0,34.4,46.0,68
5408,2025-05-03 08:00:00+00:00,34.0,68.0,45.9,25.0,10.8,680.0,34.1,46.0,68
5408,2025-05-03 08:15:00+00:00,43.0,89.0,35.1,25.8,11.1,0.0,34.3,45.0,89
5408,2025-05-03 08:30:00+00:00,43.0,89.0,49.2,24.3,10.7,0.0,34.1,44.0,89
5408,2025-05-03 08:45:00+00:00,43.0,89.0,47.6,25.3,10.7,480.0,34.4,43.0,89
5408,2025-05-03 09:00:00+00:00,43.0,89.0,47.6,25.3,10.8,880.0,34.7,42.0,89
5408,2025-05-03 09:15:00+00:00,44.0,76.0,42.9,23.4,10.8,0.0,35.0,42.0,76
5408,2025-05-03 09:45:00+00:00,44.0,76.0,13.7,27.2,10.8,60.0,35.4,43.0,76
5408,2025-05-03 10:00:00+00:00,44.0,76.0,0.0,26.5,11.0,460.0,34.7,43.0,76
5408,2025-05-03 10:15:00+00:00,45.0,75.0,8.4,24.4,11.1,710.0,34.4,45.0,75
5408,2025-05-03 10:30:00+00:00,45.0,75.0,45.7,24.0,11.1,640.0,33.2,48.0,75
5408,2025-05-03 10:45:00+00:00,45.0,75.0,53.7,24.1,11.2,710.0,32.5,49.0,75
5408,2025-05-03 11:00:00+00:00,45.0,75.0,50.8,24.3,11.7,770.0,32.4,49.0,75
5408,2025-05-03 11:15:00+00:00,55.0,86.0,53.7,24.4,11.7,710.0,32.6,49.0,92
5408,2025-05-03 11:30:00+00:00,55.0,86.0,59.8,24.2,11.5,680.0,32.6,50.0,92
5408,2025-05-03 11:45:00+00:00,55.0,86.0,56.1,24.3,11.5,770.0,32.4,52.0,92
5408,2025-05-03 12:00:00+00:00,55.0,86.0,54.1,24.7,11.7,1000.0,31.9,53.0,92
5408,2025-05-03 12:15:00+00:00,56.0,91.0,50.2,25.7,12.1,1110.0,31.6,55.0,93
5408,2025-05-03 12:30:00+00:00,56.0,91.0,47.2,26.5,12.0,1100.0,31.1,56.0,93
5408,2025-05-03 12:45:00+00:00,56.0,91.0,47.2,25.9,12.1,1010.0,30.6,57.0,93
5408,2025-05-03 13:00:00+00:00,56.0,91.0,44.5,25.3,12.4,1020.0,30.3,58.0,93
5408,2025-05-03 13:30:00+00:00,67.0,116.0,41.0,29.3,12.7,1170.0,29.6,62.0,121
5408,2025-05-03 13:45:00+00:00,67.0,116.0,36.7,25.8,12.2,1320.0,29.1,63.0,121
5408,2025-05-03 14:15:00+00:00,68.0,90.0,33.3,28.0,13.5,810.0,28.4,67.0,125
5408,2025-05-03 14:30:00+00:00,68.0,90.0,33.3,26.6,13.3,20.0,28.0,67.0,125
5408,2025-05-03 14:45:00+00:00,68.0,90.0,31.6,25.5,13.4,840.0,27.7,68.0,125
5408,2025-05-03 15:00:00+00:00,68.0,90.0,28.8,25.7,12.6,0.0,27.5,69.0,125
5408,2025-05-03 15:15:00+00:00,34.0,37.0,23.9,27.1,10.8,0.0,27.3,70.0,56
5408,2025-05-03 15:30:00+00:00,34.0,37.0,31.9,26.5,10.6,2920.0,27.1,71.0,111
5408,2025-05-03 15:45:00+00:00,34.0,37.0,25.3,26.1,11.2,4280.0,26.9,72.0,128
5408,2025-05-03 16:00:00+00:00,34.0,37.0,23.9,24.9,11.6,4830.0,26.7,73.0,135
5408,2025-05-03 16:15:00+00:00,30.0,38.0,24.1,23.9,11.8,4560.0,26.6,73.0,132
5408,2025-05-03 16:30:00+00:00,30.0,38.0,23.3,23.4,11.7,4480.0,26.5,74.0,131
5408,2025-05-03 17:15:00+00:00,33.0,56.0,21.8,24.1,11.2,4520.0,26.2,74.0,131
5408,2025-05-03 17:30:00+00:00,33.0,56.0,18.2,24.9,11.2,4330.0,26.0,75.0,129
5408,2025-05-03 17:45:00+00:00,33.0,56.0,22.3,24.7,10.9,4670.0,25.8,75.0,133
5408,2025-05-03 18:00:00+00:00,33.0,56.0,21.0,25.9,10.9,4720.0,25.6,76.0,134
5408,2025-05-03 19:15:00+00:00,21.0,32.0,17.2,26.0,10.8,2680.0,25.4,77.0,108
5408,2025-05-03 19:30:00+00:00,21.0,32.0,15.9,26.9,10.4,560.0,25.4,77.0,35
5408,2025-05-03 19:45:00+00:00,21.0,32.0,16.3,26.4,10.5,730.0,25.5,77.0,36
5408,2025-05-03 20:00:00+00:00,21.0,32.0,17.2,25.6,10.2,780.0,25.6,76.0,39
5408,2025-05-03 20:30:00+00:00,19.0,28.0,15.7,25.0,10.0,480.0,25.9,76.0,32
5408,2025-05-03 20:45:00+00:00,19.0,28.0,20.6,24.9,9.9,760.0,25.9,76.0,38
5408,2025-05-03 21:00:00+00:00,19.0,28.0,16.7,24.9,10.2,780.0,25.8,75.0,39
5408,2025-05-03 21:15:00+00:00,18.0,26.0,-98.6,26.5,10.4,270.0,25.5,74.0,33
5408,2025-05-03 21:30:00+00:00,18.0,26.0,136.6,26.8,10.9,0.0,25.3,74.0,154
5408,2025-05-03 21:45:00+00:00,18.0,26.0,14.9,27.1,11.0,100.0,25.2,74.0,34
5408,2025-05-03 22:15:00+00:00,21.0,33.0,15.1,26.1,11.5,520.0,25.0,76.0,35
5408,2025-05-03 22:30:00+00:00,21.0,33.0,15.7,27.0,11.0,520.0,24.9,76.0,35
5408,2025-05-03 22:45:00+00:00,21.0,33.0,16.1,28.2,10.8,580.0,24.9,76.0,35
5408,2025-05-03 23:00:00+00:00,21.0,33.0,15.7,27.7,10.3,700.0,24.9,77.0,35
5408,2025-05-03 23:15:00+00:00,27.0,35.0,14.7,27.3,10.4,660.0,24.9,77.0,45
5408,2025-05-03 23:30:00+00:00,27.0,35.0,13.1,27.7,10.5,690.0,24.9,77.0,45
5408,2025-05-04 00:00:00+00:00,27.0,35.0,13.3,27.3,10.2,760.0,24.9,78.0,45
5408,2025-05-04 00:15:00+00:00,27.0,32.0,12.7,28.0,10.5,860.0,24.8,79.0,45
5408,2025-05-04 00:30:00+00:00,27.0,32.0,14.5,26.9,10.5,730.0,25.0,79.0,45
5408,2025-05-04 00:45:00+00:00,27.0,32.0,18.2,26.0,10.4,820.0,25.3,79.0,45
5408,2025-05-04 01:00:00+00:00,27.0,32.0,16.9,25.4,10.4,890.0,25.5,79.0,45
5408,2025-05-04 01:15:00+00:00,19.0,26.0,13.9,25.1,10.4,1000.0,25.7,78.0,50
5408,2025-05-04 01:30:00+00:00,19.0,26.0,11.6,26.7,10.8,920.0,25.8,77.0,46
5408,2025-05-04 01:45:00+00:00,19.0,26.0,14.5,27.1,11.0,920.0,26.4,75.0,46
5408,2025-05-04 02:00:00+00:00,19.0,26.0,15.9,28.2,10.7,900.0,26.4,76.0,45
5408,2025-05-04 02:15:00+00:00,26.0,39.0,22.1,29.5,10.4,0.0,25.6,73.0,43
5408,2025-05-04 02:30:00+00:00,26.0,39.0,63.1,29.9,10.7,220.0,19.5,85.0,63
5408,2025-05-04 02:45:00+00:00,26.0,39.0,64.7,27.9,11.0,760.0,18.0,89.0,65
5408,2025-05-04 03:00:00+00:00,26.0,39.0,61.2,26.5,10.0,800.0,18.0,92.0,61
5408,2025-05-04 03:15:00+00:00,22.0,9.0,54.9,25.0,9.9,760.0,18.3,91.0,55
5408,2025-05-04 03:30:00+00:00,22.0,9.0,47.8,25.0,10.2,600.0,18.8,90.0,48
5408,2025-05-04 03:45:00+00:00,22.0,9.0,44.7,26.8,10.2,600.0,19.3,90.0,45
5408,2025-05-04 04:00:00+00:00,22.0,9.0,49.0,27.4,10.2,620.0,19.7,89.0,49
5408,2025-05-04 04:15:00+00:00,19.0,4.0,46.8,28.6,10.4,580.0,20.4,87.0,47
5408,2025-05-04 04:30:00+00:00,19.0,4.0,43.3,28.2,10.6,560.0,21.1,85.0,43
5408,2025-05-04 04:45:00+00:00,19.0,4.0,45.9,27.6,10.2,600.0,21.7,81.0,46
5408,2025-05-04 05:00:00+00:00,19.0,4.0,48.2,27.4,10.4,580.0,22.1,78.0,48
5408,2025-05-04 05:30:00+00:00,18.0,1.0,46.6,26.4,10.3,13.19,23.3,75.0,47
5408,2025-05-04 05:45:00+00:00,18.0,1.0,17.4,28.0,8.4,8119.999999999999,24.2,72.0,176
5408,2025-05-04 06:00:00+00:00,18.0,1.0,4.9,27.4,8.0,0.0,24.8,71.0,34
5408,2025-05-04 06:15:00+00:00,15.0,0.0,12.7,8.4,8.7,0.0,25.5,68.0,25
5408,2025-05-04 06:30:00+00:00,15.0,0.0,17.2,0.2,8.8,0.0,25.4,68.0,25
5408,2025-05-04 06:45:00+00:00,15.0,0.0,23.3,32.8,8.6,0.0,25.4,69.0,41
5408,2025-05-04 07:00:00+00:00,15.0,0.0,36.7,22.8,8.8,30.0,24.5,72.0,37
5408,2025-05-04 07:15:00+00:00,16.0,9.0,34.7,23.5,-1.3,170.0,24.1,73.0,35
5408,2025-05-04 07:30:00+00:00,16.0,9.0,32.9,24.4,378.1,110.0,24.6,72.0,199
5408,2025-05-04 07:45:00+00:00,16.0,9.0,37.6,25.4,9.7,480.0,24.3,71.0,38
5408,2025-05-04 08:15:00+00:00,17.0,4.0,42.7,27.3,9.6,1090.0,24.1,71.0,43
5408,2025-05-04 08:30:00+00:00,17.0,4.0,43.1,25.6,9.8,1040.0,23.9,72.0,43
5408,2025-05-04 08:45:00+00:00,17.0,4.0,42.7,24.8,10.2,1160.0,23.8,74.0,54
5408,2025-05-04 09:00:00+00:00,17.0,4.0,41.6,25.8,9.9,930.0,24.2,73.0,46
5408,2025-05-04 09:15:00+00:00,19.0,5.0,40.4,29.1,9.4,0.0,24.8,70.0,40
5408,2025-05-04 09:30:00+00:00,19.0,5.0,49.0,28.3,9.3,370.0,25.2,68.0,49
5408,2025-05-04 10:00:00+00:00,19.0,5.0,54.1,26.3,9.8,1260.0,25.6,66.0,60
5408,2025-05-04 10:15:00+00:00,21.0,10.0,56.1,27.0,9.5,1170.0,25.6,65.0,56
5408,2025-05-04 10:30:00+00:00,21.0,10.0,57.4,26.8,9.5,1260.0,25.7,63.0,60
5408,2025-05-04 10:45:00+00:00,21.0,10.0,57.2,27.7,9.6,1270.0,26.0,61.0,60
5408,2025-05-04 11:00:00+00:00,21.0,10.0,59.2,28.2,9.4,1330.0,26.1,60.0,64
5408,2025-05-04 11:15:00+00:00,19.0,11.0,61.0,27.0,9.6,850.0,25.9,60.0,61
5408,2025-05-04 11:30:00+00:00,19.0,11.0,60.4,25.0,9.7,130.0,25.9,59.0,60
5408,2025-05-04 12:00:00+00:00,19.0,11.0,58.8,27.4,10.4,0.0,25.6,60.0,59
5408,2025-05-04 12:15:00+00:00,19.0,7.0,57.6,28.3,10.2,0.0,25.4,61.0,58
5408,2025-05-04 12:30:00+00:00,19.0,7.0,55.7,29.0,10.3,20.0,24.9,63.0,56
5408,2025-05-04 12:45:00+00:00,19.0,7.0,47.0,31.0,10.1,250.0,24.5,66.0,47
5408,2025-05-04 13:00:00+00:00,19.0,7.0,43.5,33.3,10.0,150.0,24.2,67.0,44
5408,2025-05-04 13:15:00+00:00,22.0,18.0,42.9,33.8,9.8,230.0,23.8,68.0,43
5408,2025-05-04 13:30:00+00:00,22.0,18.0,41.9,33.7,10.1,170.0,23.5,68.0,42
5408,2025-05-04 13:45:00+00:00,22.0,18.0,43.5,35.2,9.8,100.0,23.1,70.0,44
5408,2025-05-04 14:00:00+00:00,22.0,18.0,41.0,34.9,9.9,80.0,22.9,71.0,44
5408,2025-05-04 14:15:00+00:00,18.0,11.0,36.8,34.7,10.0,130.0,22.9,71.0,43
5408,2025-05-04 14:30:00+00:00,18.0,11.0,34.9,35.7,10.1,160.0,22.9,72.0,45
5408,2025-05-04 14:45:00+00:00,18.0,11.0,31.2,35.7,10.1,170.0,22.6,74.0,45
5408,2025-05-04 15:00:00+00:00,18.0,11.0,26.7,36.6,9.9,130.0,22.7,74.0,46
5408,2025-05-04 15:15:00+00:00,22.0,20.0,24.3,40.6,10.0,260.0,22.8,74.0,37
5408,2025-05-04 15:30:00+00:00,22.0,20.0,27.0,43.0,10.5,470.0,22.7,74.0,54
5408,2025-05-04 16:00:00+00:00,22.0,20.0,24.7,41.3,10.4,530.0,22.0,77.0,51
5408,2025-05-04 16:15:00+00:00,26.0,20.0,29.4,39.3,10.5,520.0,22.2,75.0,49
5408,2025-05-04 16:30:00+00:00,26.0,20.0,21.6,38.4,10.6,540.0,22.4,76.0,48
5408,2025-05-04 16:45:00+00:00,26.0,20.0,12.5,40.0,10.5,650.0,22.2,77.0,50
5408,2025-05-04 17:00:00+00:00,26.0,20.0,14.3,43.7,10.3,620.0,22.1,78.0,54
5408,2025-05-04 17:15:00+00:00,29.0,31.0,13.7,44.8,10.0,560.0,22.1,78.0,56
5408,2025-05-04 17:30:00+00:00,29.0,31.0,16.7,46.8,10.2,520.0,22.2,78.0,58
5408,2025-05-04 17:45:00+00:00,29.0,31.0,15.1,46.2,10.5,550.0,22.2,78.0,58
5408,2025-05-04 18:00:00+00:00,29.0,31.0,8.4,46.6,10.2,520.0,21.8,80.0,58
5408,2025-05-04 18:15:00+00:00,27.0,26.0,4.9,46.9,10.6,420.0,21.4,82.0,58
5408,2025-05-04 19:15:00+00:00,34.0,28.0,10.4,44.0,11.8,240.0,21.3,81.0,56
5408,2025-05-04 19:30:00+00:00,34.0,28.0,8.8,43.1,11.7,160.0,21.2,82.0,56
5408,2025-05-04 19:45:00+00:00,34.0,28.0,2.5,43.4,11.6,300.0,21.0,83.0,56
5408,2025-05-04 20:00:00+00:00,34.0,28.0,3.9,43.9,11.5,290.0,21.0,83.0,56
5408,2025-05-04 20:15:00+00:00,24.0,41.0,2.2,43.6,11.7,240.0,21.0,84.0,54
5408,2025-05-04 20:30:00+00:00,24.0,41.0,2.5,43.1,11.8,140.0,20.9,84.0,54
5408,2025-05-04 20:45:00+00:00,24.0,41.0,1.2,42.1,11.6,190.0,20.6,85.0,52
5408,2025-05-04 21:00:00+00:00,24.0,41.0,2.0,41.8,11.7,240.0,20.5,85.0,52
5408,2025-05-04 21:15:00+00:00,26.0,44.0,-7.3,40.6,11.6,0.0,20.6,85.0,44
5408,2025-05-04 21:30:00+00:00,26.0,44.0,130.3,38.2,12.2,0.0,20.7,85.0,144
5408,2025-05-04 21:45:00+00:00,26.0,44.0,2.5,39.1,13.0,0.0,20.9,84.0,49
5408,2025-05-04 22:00:00+00:00,26.0,44.0,2.7,38.9,13.5,0.0,20.8,85.0,49
5408,2025-05-04 22:15:00+00:00,24.0,39.0,3.1,37.8,13.5,0.0,20.9,85.0,47
5408,2025-05-04 22:30:00+00:00,24.0,39.0,1.8,36.0,12.9,0.0,20.8,85.0,45
5408,2025-05-04 22:45:00+00:00,24.0,39.0,1.6,36.2,12.6,180.0,20.8,85.0,45
5408,2025-05-04 23:00:00+00:00,24.0,39.0,1.4,36.1,12.1,180.0,20.8,85.0,45
5408,2025-05-04 23:30:00+00:00,26.0,36.0,2.4,35.2,11.9,90.0,20.7,85.0,44
5408,2025-05-04 23:45:00+00:00,26.0,36.0,2.5,38.8,11.9,270.0,20.6,84.0,48
5408,2025-05-05 00:00:00+00:00,26.0,36.0,4.5,39.5,11.3,300.0,20.6,84.0,49
5408,2025-05-05 00:15:00+00:00,28.0,40.0,6.5,39.4,11.0,320.0,20.6,84.0,49
5408,2025-05-05 01:15:00+00:00,41.0,70.0,9.6,40.3,11.7,320.0,22.4,80.0,70
5408,2025-05-05 01:30:00+00:00,41.0,70.0,20.8,40.5,11.5,260.0,23.3,77.0,70
5408,2025-05-05 01:45:00+00:00,41.0,70.0,35.9,38.7,11.6,370.0,24.5,73.0,70
5408,2025-05-05 02:00:00+00:00,41.0,70.0,39.8,36.2,11.9,370.0,25.6,70.0,70
5408,2025-05-05 02:15:00+00:00,27.0,40.0,43.9,33.4,11.7,270.0,26.5,68.0,45
5408,2025-05-05 02:30:00+00:00,27.0,40.0,47.4,30.7,11.2,240.0,26.6,69.0,47
5408,2025-05-05 02:45:00+00:00,27.0,40.0,48.0,28.9,11.1,260.0,26.7,69.0,48
5408,2025-05-05 03:00:00+00:00,27.0,40.0,49.0,26.4,11.8,250.0,27.2,69.0,49
5408,2025-05-05 03:15:00+00:00,21.0,35.0,49.6,26.2,12.2,150.0,27.7,68.0,50
5408,2025-05-05 03:30:00+00:00,21.0,35.0,49.0,25.3,12.7,500.0,27.9,67.0,49
5408,2025-05-05 03:45:00+00:00,21.0,35.0,47.4,25.9,12.8,580.0,28.6,64.0,47
5408,2025-05-05 04:00:00+00:00,21.0,35.0,51.4,25.6,13.0,580.0,28.7,65.0,51
5408,2025-05-05 04:15:00+00:00,26.0,34.0,51.5,27.1,12.8,680.0,29.0,64.0,52
5408,2025-05-05 04:30:00+00:00,26.0,34.0,51.4,28.7,12.5,890.0,29.3,62.0,51
5408,2025-05-05 05:00:00+00:00,26.0,34.0,56.4,29.5,13.2,660.0,29.9,60.0,56
5408,2025-05-05 05:30:00+00:00,24.0,39.0,59.2,29.3,13.2,14.8399999999999,30.3,59.0,59
5408,2025-05-05 05:45:00+00:00,24.0,39.0,60.8,28.8,13.6,11.82,30.4,58.0,61
5408,2025-05-05 06:15:00+00:00,26.0,43.0,63.3,12.9,12.4,0.0,31.2,56.0,63
5408,2025-05-05 06:30:00+00:00,26.0,43.0,66.8,-11.9,12.9,0.0,31.1,56.0,67
5408,2025-05-05 06:45:00+00:00,26.0,43.0,60.6,30.6,13.4,610.0,31.3,56.0,61
5408,2025-05-05 07:00:00+00:00,26.0,43.0,65.5,25.1,13.2,1430.0,31.4,55.0,69
5408,2025-05-05 07:15:00+00:00,29.0,45.0,66.1,25.5,0.3,1090.0,32.0,54.0,66
5408,2025-05-05 07:30:00+00:00,29.0,45.0,63.7,26.1,379.7,350.0,32.1,54.0,200
5408,2025-05-05 07:45:00+00:00,29.0,45.0,68.0,25.3,11.9,130.0,32.5,52.0,68
5408,2025-05-05 08:00:00+00:00,29.0,45.0,67.6,25.5,12.9,780.0,32.6,51.0,68
5408,2025-05-05 08:15:00+00:00,37.0,47.0,73.3,21.1,13.3,880.0,32.3,52.0,73
5408,2025-05-05 08:30:00+00:00,37.0,47.0,75.9,24.0,13.1,1040.0,32.6,51.0,76
5408,2025-05-05 08:45:00+00:00,37.0,47.0,76.2,24.3,13.6,1270.0,32.9,50.0,76
5408,2025-05-05 09:15:00+00:00,38.0,48.0,81.7,24.0,11.1,1330.0,33.0,50.0,82
5408,2025-05-05 09:30:00+00:00,38.0,48.0,83.5,25.4,11.3,1480.0,32.8,50.0,84
5408,2025-05-05 10:00:00+00:00,38.0,48.0,85.7,24.5,10.8,1600.0,32.3,51.0,86
5408,2025-05-05 10:30:00+00:00,37.0,44.0,87.6,23.7,11.0,1830.0,31.8,54.0,91
5408,2025-05-05 10:45:00+00:00,37.0,44.0,80.2,23.8,11.1,1870.0,31.6,56.0,93
5408,2025-05-05 11:00:00+00:00,37.0,44.0,73.7,24.5,11.1,1820.0,31.3,56.0,90
5408,2025-05-05 11:15:00+00:00,35.0,38.0,72.3,23.2,11.0,840.0,31.0,55.0,72
5408,2025-05-05 11:30:00+00:00,35.0,38.0,66.4,23.4,11.9,630.0,30.4,55.0,66
5408,2025-05-05 11:45:00+00:00,35.0,38.0,67.0,23.3,13.0,450.0,30.1,51.0,67
5408,2025-05-05 12:00:00+00:00,35.0,38.0,60.6,23.1,12.7,0.0,29.7,52.0,61
5408,2025-05-05 12:30:00+00:00,28.0,30.0,59.0,28.3,11.6,0.0,29.3,52.0,59
5408,2025-05-05 12:45:00+00:00,28.0,30.0,59.0,29.3,12.1,0.0,28.9,53.0,59
5408,2025-05-05 13:00:00+00:00,28.0,30.0,55.9,28.5,12.2,180.0,28.3,56.0,56
5408,2025-05-05 13:15:00+00:00,35.0,36.0,52.9,27.7,12.3,400.0,27.9,58.0,58
5408,2025-05-05 13:30:00+00:00,35.0,36.0,46.5,27.3,13.4,0.0,27.6,60.0,58
5408,2025-05-05 13:45:00+00:00,35.0,36.0,43.5,27.9,12.1,0.0,27.2,62.0,58
5408,2025-05-05 14:00:00+00:00,35.0,36.0,45.9,27.7,12.4,0.0,26.8,64.0,58
5408,2025-05-05 14:15:00+00:00,33.0,38.0,46.1,27.3,12.0,60.0,26.4,66.0,54
5408,2025-05-05 14:30:00+00:00,33.0,38.0,42.9,26.6,11.8,330.0,26.1,69.0,54
5408,2025-05-05 14:45:00+00:00,33.0,38.0,38.4,25.9,12.1,300.0,25.9,72.0,54
5408,2025-05-05 15:15:00+00:00,29.0,32.0,34.3,25.7,13.0,210.0,25.5,76.0,48
5408,2025-05-05 15:30:00+00:00,29.0,32.0,32.9,24.0,12.3,610.0,25.3,77.0,48
5408,2025-05-05 16:00:00+00:00,29.0,32.0,30.4,26.2,12.7,490.0,25.0,79.0,48
5408,2025-05-05 16:15:00+00:00,33.0,42.0,30.0,26.7,12.7,610.0,24.8,79.0,54
5408,2025-05-05 16:30:00+00:00,33.0,42.0,30.2,25.9,13.1,660.0,24.8,80.0,54
5408,2025-05-05 17:00:00+00:00,33.0,42.0,33.3,25.0,12.7,630.0,24.7,81.0,54
5408,2025-05-05 17:15:00+00:00,30.0,31.0,31.8,23.9,12.9,640.0,24.6,81.0,50
5408,2025-05-05 17:30:00+00:00,30.0,31.0,30.8,23.2,12.8,570.0,24.6,82.0,50
5408,2025-05-05 17:45:00+00:00,30.0,31.0,29.4,25.3,12.5,540.0,24.5,82.0,50
5408,2025-05-05 18:00:00+00:00,30.0,31.0,26.5,25.7,12.4,570.0,24.3,83.0,50
5408,2025-05-05 18:15:00+00:00,35.0,48.0,25.3,25.2,12.9,570.0,24.3,83.0,58
5408,2025-05-05 19:15:00+00:00,35.0,50.0,26.9,27.7,13.4,800.0,23.9,84.0,58
5408,2025-05-05 19:30:00+00:00,35.0,50.0,20.4,26.8,13.3,600.0,23.8,85.0,58
5408,2025-05-05 19:45:00+00:00,35.0,50.0,27.0,27.0,13.4,710.0,23.9,84.0,58
5408,2025-05-05 20:00:00+00:00,35.0,50.0,23.9,27.3,13.1,860.0,24.1,84.0,58
5408,2025-05-05 20:15:00+00:00,33.0,39.0,26.7,27.0,13.3,810.0,24.6,83.0,54
5408,2025-05-05 20:30:00+00:00,33.0,39.0,27.6,27.0,12.8,600.0,24.9,81.0,54
5408,2025-05-05 20:45:00+00:00,33.0,39.0,29.6,26.0,13.6,650.0,24.6,82.0,54
5408,2025-05-05 21:00:00+00:00,33.0,39.0,26.5,25.4,13.4,720.0,24.2,83.0,54
5408,2025-05-05 21:15:00+00:00,27.0,35.0,-64.3,26.4,13.4,460.0,24.1,84.0,45
5408,2025-05-05 21:30:00+00:00,27.0,35.0,159.2,26.9,14.5,0.0,24.0,84.0,187
5408,2025-05-05 21:45:00+00:00,27.0,35.0,51.4,26.5,14.3,80.0,24.0,85.0,51
5408,2025-05-05 22:00:00+00:00,27.0,35.0,29.6,26.8,14.0,240.0,23.8,84.0,45
5408,2025-05-05 22:15:00+00:00,28.0,38.0,23.9,27.3,14.2,570.0,23.3,81.0,47
5408,2025-05-05 22:30:00+00:00,28.0,38.0,24.1,27.4,14.0,540.0,23.0,82.0,47
5408,2025-05-05 23:00:00+00:00,28.0,38.0,25.9,26.8,13.4,550.0,22.7,81.0,47
5408,2025-05-05 23:30:00+00:00,27.0,39.0,29.4,27.7,13.8,290.0,22.6,80.0,45
5408,2025-05-05 23:45:00+00:00,27.0,39.0,40.6,27.7,13.8,460.0,22.8,78.0,45
5408,2025-05-06 00:00:00+00:00,27.0,39.0,39.6,26.8,13.8,480.0,22.7,77.0,45
5408,2025-05-06 00:15:00+00:00,24.0,29.0,38.2,26.8,12.8,530.0,22.9,76.0,40
5408,2025-05-06 00:30:00+00:00,24.0,29.0,35.3,27.3,11.2,460.0,23.1,76.0,40
5408,2025-05-06 00:45:00+00:00,24.0,29.0,36.8,28.3,11.2,540.0,23.5,75.0,40
5408,2025-05-06 01:00:00+00:00,24.0,29.0,34.9,29.4,10.9,490.0,24.0,74.0,40
5408,2025-05-06 01:15:00+00:00,27.0,32.0,34.5,30.5,10.6,580.0,24.6,72.0,45
5408,2025-05-06 01:30:00+00:00,27.0,32.0,34.9,31.0,11.3,610.0,25.1,71.0,45
5408,2025-05-06 02:00:00+00:00,27.0,32.0,30.2,29.6,10.2,720.0,26.3,71.0,45
5408,2025-05-06 02:15:00+00:00,33.0,43.0,28.2,29.9,9.9,630.0,26.6,71.0,54
5408,2025-05-06 02:30:00+00:00,33.0,43.0,30.4,30.5,10.6,740.0,26.9,70.0,54
5408,2025-05-06 02:45:00+00:00,33.0,43.0,35.1,32.0,11.5,640.0,27.1,68.0,54
5408,2025-05-06 03:00:00+00:00,33.0,43.0,40.6,32.0,11.2,620.0,27.5,66.0,54
5408,2025-05-06 03:15:00+00:00,33.0,48.0,42.7,31.6,11.7,480.0,28.0,65.0,54
5408,2025-05-06 03:45:00+00:00,33.0,48.0,40.6,30.4,11.1,730.0,28.8,64.0,54
5408,2025-05-06 04:00:00+00:00,33.0,48.0,40.6,29.5,11.1,410.0,28.9,64.0,54
5408,2025-05-06 04:15:00+00:00,29.0,37.0,42.3,29.6,10.9,660.0,29.5,63.0,48
5408,2025-05-06 04:30:00+00:00,29.0,37.0,42.9,29.0,11.0,580.0,29.6,62.0,48
5408,2025-05-06 04:45:00+00:00,29.0,37.0,43.7,27.2,10.8,600.0,29.7,62.0,48
5408,2025-05-06 05:00:00+00:00,29.0,37.0,45.3,24.9,10.6,-130.0,30.1,60.0,48
5408,2025-05-06 05:15:00+00:00,27.0,36.0,44.9,21.5,10.1,-3550.0,30.5,58.0,45
5408,2025-05-06 05:30:00+00:00,27.0,36.0,45.1,22.6,7.5,20.32,31.1,54.0,45
5408,2025-05-06 06:00:00+00:00,27.0,36.0,31.9,22.7,6.8,0.0,31.9,49.0,45
5408,2025-05-06 06:15:00+00:00,27.0,40.0,46.8,10.1,5.5,0.0,33.3,47.0,47
5408,2025-05-06 06:30:00+00:00,27.0,40.0,57.0,-11.4,8.3,0.0,32.6,47.0,57
5408,2025-05-06 06:45:00+00:00,27.0,40.0,54.5,25.2,8.0,0.0,31.9,50.0,54
5408,2025-05-06 07:00:00+00:00,27.0,40.0,53.9,24.4,7.4,0.0,32.1,48.0,54
5408,2025-05-06 07:15:00+00:00,26.0,38.0,52.1,26.3,-3.7,0.0,32.2,47.0,52
5408,2025-05-06 07:30:00+00:00,26.0,38.0,55.5,28.7,413.0,6770.0,32.4,46.0,209
5408,2025-05-06 08:00:00+00:00,26.0,38.0,50.8,26.6,25.4,6770.0,33.0,44.0,160
5408,2025-05-06 08:15:00+00:00,29.0,42.0,47.6,23.6,27.5,6770.0,33.8,42.0,160
5408,2025-05-06 08:30:00+00:00,29.0,42.0,41.9,21.3,28.3,6770.0,32.1,49.0,160
5408,2025-05-06 08:45:00+00:00,29.0,42.0,43.1,20.1,0.0,6770.0,31.1,53.0,160
5408,2025-05-06 09:00:00+00:00,29.0,42.0,44.5,21.3,10.3,0.0,31.8,50.0,48
5408,2025-05-06 09:15:00+00:00,28.0,40.0,43.9,22.9,13.2,110.0,32.5,49.0,47
5408,2025-05-06 09:30:00+00:00,28.0,40.0,45.9,23.9,8.1,490.0,32.5,48.0,47
5408,2025-05-06 10:00:00+00:00,28.0,40.0,51.0,26.2,13.0,870.0,32.5,49.0,51
5408,2025-05-06 10:15:00+00:00,46.0,62.0,65.9,24.8,12.9,30.0,32.1,48.0,76
5408,2025-05-06 10:30:00+00:00,46.0,62.0,73.9,26.7,13.4,2290.0,31.7,48.0,103
5408,2025-05-06 10:45:00+00:00,46.0,62.0,72.5,30.8,13.2,2710.0,31.9,48.0,109
5408,2025-05-06 11:00:00+00:00,46.0,62.0,67.0,31.6,14.0,2480.0,31.9,47.0,106
5408,2025-05-06 11:15:00+00:00,85.0,122.0,69.6,32.9,13.9,1680.0,31.9,44.0,183
5408,2025-05-06 11:30:00+00:00,85.0,122.0,69.0,34.0,13.2,620.0,31.5,44.0,183
5408,2025-05-06 11:45:00+00:00,85.0,122.0,67.2,34.5,12.2,740.0,30.6,48.0,183
5408,2025-05-06 12:00:00+00:00,85.0,122.0,60.2,32.2,12.2,320.0,30.0,50.0,183
5408,2025-05-06 12:15:00+00:00,48.0,66.0,53.7,34.2,12.2,180.0,29.8,51.0,80
5408,2025-05-06 12:30:00+00:00,48.0,66.0,52.9,37.1,11.6,400.0,29.6,51.0,80
5408,2025-05-06 12:45:00+00:00,48.0,66.0,51.0,38.1,11.2,0.0,29.3,54.0,80
5408,2025-05-06 13:00:00+00:00,48.0,66.0,48.2,37.3,10.6,70.0,29.1,58.0,80
5408,2025-05-06 13:15:00+00:00,40.0,61.0,40.2,38.1,10.7,110.0,28.8,61.0,66
5408,2025-05-06 13:30:00+00:00,40.0,61.0,37.0,39.4,10.7,380.0,28.7,65.0,66
5408,2025-05-06 13:45:00+00:00,40.0,61.0,31.6,36.3,10.9,0.0,28.4,68.0,66
5408,2025-05-06 14:00:00+00:00,40.0,61.0,46.3,34.4,10.9,0.0,27.8,57.0,66
5408,2025-05-06 14:15:00+00:00,35.0,56.0,55.1,33.3,11.0,0.0,25.7,57.0,58
5408,2025-05-06 14:30:00+00:00,35.0,56.0,55.1,32.6,10.7,0.0,20.3,81.0,58
5408,2025-05-06 14:45:00+00:00,35.0,56.0,60.4,32.7,10.3,0.0,18.6,87.0,60
5408,2025-05-06 15:00:00+00:00,35.0,56.0,56.6,32.1,10.2,0.0,18.8,88.0,58
5408,2025-05-06 15:15:00+00:00,32.0,26.0,50.4,30.9,10.6,0.0,19.5,88.0,53
5408,2025-05-06 15:30:00+00:00,32.0,26.0,48.4,30.3,10.8,1520.0,20.2,85.0,74
5408,2025-05-06 15:45:00+00:00,32.0,26.0,47.8,29.5,10.9,1370.0,20.8,82.0,66
5408,2025-05-06 16:00:00+00:00,32.0,26.0,51.9,29.9,10.8,1410.0,21.7,79.0,68
5408,2025-05-06 16:15:00+00:00,32.0,32.0,53.5,29.2,10.6,1350.0,22.2,75.0,65
5408,2025-05-06 16:30:00+00:00,32.0,32.0,52.9,27.8,10.9,1210.0,22.5,74.0,57
5408,2025-05-06 16:45:00+00:00,32.0,32.0,47.0,27.5,11.2,1280.0,22.1,77.0,61
5408,2025-05-06 17:00:00+00:00,32.0,32.0,44.7,27.5,11.1,1180.0,22.1,77.0,55
5408,2025-05-06 17:15:00+00:00,32.0,23.0,46.8,28.0,11.4,1290.0,22.6,73.0,61
5408,2025-05-06 17:30:00+00:00,32.0,23.0,47.6,28.4,11.2,1270.0,23.1,71.0,60
5408,2025-05-06 17:45:00+00:00,32.0,23.0,42.7,29.3,11.3,1120.0,22.9,74.0,53
5408,2025-05-06 18:00:00+00:00,32.0,23.0,37.6,29.8,11.5,1310.0,22.8,77.0,62
5408,2025-05-06 18:15:00+00:00,38.0,34.0,33.9,29.9,11.6,1530.0,22.8,77.0,74
5408,2025-05-06 19:15:00+00:00,45.0,79.0,23.3,33.4,12.2,450.0,22.9,79.0,79
5408,2025-05-06 19:30:00+00:00,45.0,79.0,21.4,34.7,12.5,1030.0,22.9,79.0,79
5408,2025-05-06 19:45:00+00:00,45.0,79.0,21.4,35.1,12.9,1030.0,22.9,79.0,79
5408,2025-05-06 20:00:00+00:00,45.0,79.0,22.9,34.6,12.9,1000.0,22.9,79.0,79
5408,2025-05-06 20:15:00+00:00,44.0,57.0,24.9,33.2,12.2,960.0,22.9,79.0,73
5408,2025-05-06 20:30:00+00:00,44.0,57.0,25.1,30.9,12.3,1040.0,22.9,79.0,73
5408,2025-05-06 20:45:00+00:00,44.0,57.0,26.1,31.3,12.3,1110.0,22.8,79.0,73
5408,2025-05-06 21:00:00+00:00,44.0,57.0,25.5,32.1,12.0,1080.0,22.8,79.0,73
5408,2025-05-06 21:15:00+00:00,41.0,42.0,-2.0,30.9,11.6,730.0,22.7,80.0,68
5408,2025-05-06 21:30:00+00:00,41.0,42.0,132.7,31.2,11.6,290.0,22.7,81.0,148
5408,2025-05-06 21:45:00+00:00,41.0,42.0,17.1,31.9,11.3,450.0,22.6,81.0,68
5408,2025-05-06 22:15:00+00:00,43.0,48.0,22.0,31.3,11.3,720.0,22.8,79.0,71
5408,2025-05-06 22:30:00+00:00,43.0,48.0,22.9,31.0,11.7,810.0,22.8,79.0,71
5408,2025-05-06 22:45:00+00:00,43.0,48.0,22.3,31.1,11.6,840.0,22.9,79.0,71
5408,2025-05-06 23:00:00+00:00,43.0,48.0,19.2,31.3,11.8,770.0,22.9,80.0,71
5408,2025-05-06 23:15:00+00:00,45.0,59.0,18.6,31.1,11.4,620.0,22.7,81.0,75
5408,2025-05-06 23:30:00+00:00,45.0,59.0,19.8,30.7,11.7,870.0,22.8,81.0,75
5408,2025-05-06 23:45:00+00:00,45.0,59.0,17.6,30.0,12.3,950.0,22.9,81.0,75
5408,2025-05-07 00:00:00+00:00,45.0,59.0,13.9,32.8,12.7,940.0,22.9,81.0,75
5408,2025-05-07 00:15:00+00:00,43.0,63.0,13.5,34.6,12.5,1120.0,23.0,81.0,71
5408,2025-05-07 00:30:00+00:00,43.0,63.0,11.4,36.5,12.5,1000.0,23.0,81.0,71
5408,2025-05-07 00:45:00+00:00,43.0,63.0,11.6,36.1,12.3,1130.0,23.2,81.0,71
5408,2025-05-07 01:00:00+00:00,43.0,63.0,11.2,35.3,11.9,850.0,23.7,81.0,71
5408,2025-05-07 01:15:00+00:00,46.0,71.0,12.5,34.8,11.9,850.0,24.4,79.0,76
5408,2025-05-07 01:30:00+00:00,46.0,71.0,12.9,34.7,12.1,940.0,24.7,79.0,76
5408,2025-05-07 01:45:00+00:00,46.0,71.0,9.4,34.9,12.0,950.0,24.2,81.0,76
5408,2025-05-07 02:00:00+00:00,46.0,71.0,12.9,34.1,11.6,700.0,24.1,80.0,76
5408,2025-05-07 02:15:00+00:00,43.0,68.0,19.8,33.3,11.3,620.0,24.9,79.0,71
5408,2025-05-07 02:30:00+00:00,43.0,68.0,24.1,32.4,11.0,840.0,25.5,77.0,71
5408,2025-05-07 03:00:00+00:00,43.0,68.0,24.9,30.6,10.8,660.0,26.4,76.0,71
5408,2025-05-07 03:15:00+00:00,43.0,69.0,24.9,30.8,11.1,550.0,27.1,74.0,71
5408,2025-05-07 03:30:00+00:00,43.0,69.0,27.4,32.6,11.7,700.0,28.4,70.0,71
5408,2025-05-07 04:00:00+00:00,43.0,69.0,36.3,30.8,11.3,2320.0,29.1,68.0,104
5408,2025-05-07 04:15:00+00:00,37.0,72.0,40.8,30.0,10.6,2600.0,29.6,67.0,107
5408,2025-05-07 04:30:00+00:00,37.0,72.0,37.4,29.8,10.1,2830.0,29.6,66.0,110
5408,2025-05-07 04:45:00+00:00,37.0,72.0,38.0,29.6,10.1,2810.0,30.3,63.0,110
5408,2025-05-07 05:00:00+00:00,37.0,72.0,38.4,28.5,10.0,2840.0,30.1,64.0,110
5408,2025-05-07 05:15:00+00:00,33.0,56.0,43.5,28.3,10.1,950.0,30.7,61.0,56
5408,2025-05-07 05:30:00+00:00,33.0,56.0,39.0,28.7,12.4,22.66,30.9,61.0,56
5408,2025-05-07 06:00:00+00:00,33.0,56.0,45.9,36.6,14.1,8600.0,31.5,56.0,182
5408,2025-05-07 06:15:00+00:00,45.0,90.0,54.1,5.4,13.5,3270.0,32.2,52.0,116
5408,2025-05-07 06:30:00+00:00,45.0,90.0,54.7,-10.8,16.2,3020.0,32.7,51.0,113
5408,2025-05-07 06:45:00+00:00,45.0,90.0,55.3,38.7,19.9,2630.0,32.9,49.0,108
5408,2025-05-07 07:00:00+00:00,45.0,90.0,60.0,30.4,19.0,3020.0,32.8,48.0,113
5408,2025-05-07 07:15:00+00:00,54.0,101.0,62.7,30.3,2.5,1630.0,32.8,47.0,101
5408,2025-05-07 07:30:00+00:00,54.0,101.0,64.3,30.0,356.2,220.0,33.1,46.0,192
5408,2025-05-07 07:45:00+00:00,54.0,101.0,65.9,29.2,16.9,370.0,33.6,44.0,101
5408,2025-05-07 08:00:00+00:00,54.0,101.0,64.9,28.9,17.0,840.0,33.8,43.0,101
5408,2025-05-07 08:15:00+00:00,49.0,78.0,65.9,28.4,15.5,970.0,33.7,43.0,81
5408,2025-05-07 08:30:00+00:00,49.0,78.0,63.9,26.8,13.9,1310.0,34.5,40.0,81
5408,2025-05-07 08:45:00+00:00,49.0,78.0,65.3,26.1,14.0,370.0,35.0,39.0,81
5408,2025-05-07 09:00:00+00:00,49.0,78.0,69.2,26.5,14.1,0.0,34.7,41.0,81
5408,2025-05-07 09:15:00+00:00,52.0,77.0,73.1,27.2,14.7,570.0,33.6,45.0,86
5408,2025-05-07 09:30:00+00:00,52.0,77.0,75.7,27.4,15.5,1320.0,33.1,47.0,86
5408,2025-05-07 09:45:00+00:00,52.0,77.0,77.8,27.8,15.0,1280.0,32.9,47.0,86
5408,2025-05-07 10:00:00+00:00,52.0,77.0,73.1,27.7,13.7,1410.0,32.1,49.0,86
5408,2025-05-07 10:15:00+00:00,55.0,82.0,66.6,26.7,12.6,1470.0,31.4,52.0,92
5408,2025-05-07 10:45:00+00:00,55.0,82.0,60.6,26.1,11.7,1190.0,31.2,51.0,92
5408,2025-05-07 11:00:00+00:00,55.0,82.0,63.9,25.9,12.3,840.0,31.1,51.0,92
5408,2025-05-07 11:15:00+00:00,45.0,63.0,68.4,26.3,12.9,1010.0,30.6,51.0,75
5408,2025-05-07 11:45:00+00:00,45.0,63.0,61.7,28.1,12.1,1810.0,30.0,54.0,90
5408,2025-05-07 12:15:00+00:00,41.0,59.0,43.7,28.7,11.8,1640.0,28.4,65.0,80
5408,2025-05-07 12:45:00+00:00,41.0,59.0,29.2,30.1,10.6,0.0,28.3,65.0,68
5408,2025-05-07 13:00:00+00:00,41.0,59.0,33.1,29.2,11.1,320.0,28.1,65.0,68
5408,2025-05-07 14:30:00+00:00,41.0,41.0,38.8,28.4,9.8,0.0,26.6,71.0,68
5408,2025-05-07 15:00:00+00:00,41.0,41.0,38.4,31.8,9.7,0.0,26.3,72.0,68
5408,2025-05-07 15:15:00+00:00,48.0,63.0,38.2,30.2,9.5,310.0,26.3,73.0,80
5408,2025-05-07 15:30:00+00:00,48.0,63.0,37.2,30.7,10.4,780.0,26.1,74.0,80
5408,2025-05-07 15:45:00+00:00,48.0,63.0,36.1,29.2,10.9,1020.0,26.1,74.0,80
5408,2025-05-07 16:00:00+00:00,48.0,63.0,33.7,29.2,10.6,770.0,25.9,75.0,80
5408,2025-05-07 16:15:00+00:00,48.0,57.0,29.8,26.8,10.0,780.0,25.8,75.0,80
5408,2025-05-07 16:30:00+00:00,48.0,57.0,27.6,26.8,10.2,820.0,25.7,76.0,80
5408,2025-05-07 16:45:00+00:00,48.0,57.0,26.5,27.9,10.5,930.0,25.5,76.0,80
5408,2025-05-07 17:00:00+00:00,48.0,57.0,25.1,27.3,10.2,540.0,25.4,77.0,80
5408,2025-05-07 17:15:00+00:00,46.0,65.0,24.1,27.2,9.6,630.0,25.3,78.0,76
5408,2025-05-07 17:30:00+00:00,46.0,65.0,23.9,27.9,9.6,840.0,25.3,78.0,76
5408,2025-05-07 17:45:00+00:00,46.0,65.0,22.5,28.5,9.9,1010.0,25.2,79.0,76
5408,2025-05-07 18:00:00+00:00,46.0,65.0,20.4,28.9,9.9,790.0,25.2,79.0,76
5408,2025-05-07 18:15:00+00:00,51.0,66.0,17.8,28.7,9.6,740.0,25.1,80.0,85
5408,2025-05-07 19:15:00+00:00,43.0,59.0,20.8,27.9,10.0,1050.0,24.9,82.0,71
5408,2025-05-07 19:30:00+00:00,43.0,59.0,21.6,27.4,10.2,1120.0,24.9,82.0,71
5408,2025-05-07 19:45:00+00:00,43.0,59.0,22.3,27.4,10.5,1150.0,24.9,82.0,71
5408,2025-05-07 20:00:00+00:00,43.0,59.0,20.4,27.3,10.2,1060.0,24.8,82.0,71
5408,2025-05-07 20:15:00+00:00,35.0,48.0,17.2,27.1,9.8,1020.0,24.7,82.0,58
5408,2025-05-07 20:30:00+00:00,35.0,48.0,16.3,28.2,10.2,1230.0,24.6,83.0,58
5408,2025-05-07 20:45:00+00:00,35.0,48.0,16.7,27.5,10.6,1200.0,24.6,83.0,58
5408,2025-05-07 21:15:00+00:00,40.0,47.0,-13.1,28.4,10.0,300.0,24.7,82.0,66
5408,2025-05-07 21:30:00+00:00,40.0,47.0,139.7,27.6,9.7,1490.0,24.6,83.0,158
5408,2025-05-07 21:45:00+00:00,40.0,47.0,18.4,26.2,9.9,1870.0,24.4,84.0,93
5408,2025-05-07 22:00:00+00:00,40.0,47.0,15.1,24.7,9.6,2050.0,24.3,84.0,66
5408,2025-05-07 22:15:00+00:00,37.0,45.0,11.8,25.2,10.1,1760.0,24.1,84.0,87
5408,2025-05-07 22:30:00+00:00,37.0,45.0,8.2,27.0,10.4,1770.0,23.9,85.0,87
5408,2025-05-07 22:45:00+00:00,37.0,45.0,10.2,27.5,10.3,2130.0,23.8,85.0,101
5408,2025-05-07 23:00:00+00:00,37.0,45.0,10.2,26.7,9.6,2029.9999999999998,23.8,85.0,61
5408,2025-05-07 23:15:00+00:00,39.0,49.0,9.8,27.7,9.3,980.0,23.9,85.0,65
5408,2025-05-07 23:30:00+00:00,39.0,49.0,8.4,29.7,9.5,240.0,23.8,85.0,65
5408,2025-05-08 00:00:00+00:00,39.0,49.0,14.1,31.4,10.1,340.0,23.7,85.0,65
5408,2025-05-08 00:30:00+00:00,35.0,42.0,19.8,30.8,10.2,310.0,23.8,85.0,58
5408,2025-05-08 00:45:00+00:00,35.0,42.0,25.1,29.6,10.1,560.0,23.9,85.0,58
5408,2025-05-08 01:15:00+00:00,37.0,41.0,24.1,27.5,9.8,340.0,24.8,83.0,61
5408,2025-05-08 02:00:00+00:00,37.0,41.0,35.9,28.6,10.2,780.0,26.9,76.0,61
5408,2025-05-08 02:15:00+00:00,35.0,42.0,38.4,27.9,10.0,770.0,27.4,74.0,58
5408,2025-05-08 02:30:00+00:00,35.0,42.0,44.5,27.5,10.1,930.0,27.6,73.0,58
5408,2025-05-08 02:45:00+00:00,35.0,42.0,45.5,27.7,9.9,820.0,28.0,70.0,58
5408,2025-05-08 03:00:00+00:00,35.0,42.0,45.5,27.9,10.0,720.0,28.4,68.0,58
5408,2025-05-08 03:15:00+00:00,35.0,42.0,48.0,27.3,10.4,600.0,27.9,69.0,58
5408,2025-05-08 03:30:00+00:00,35.0,42.0,47.4,26.5,10.7,490.0,28.1,67.0,58
5408,2025-05-08 03:45:00+00:00,35.0,42.0,51.0,25.7,10.7,690.0,28.8,64.0,58
5408,2025-05-08 04:15:00+00:00,37.0,42.0,49.6,25.0,10.3,800.0,29.9,60.0,61
5408,2025-05-08 04:30:00+00:00,37.0,42.0,46.6,24.3,10.6,820.0,30.5,58.0,61
5408,2025-05-08 04:45:00+00:00,37.0,42.0,50.2,24.7,10.4,1120.0,30.6,57.0,61
5408,2025-05-08 05:00:00+00:00,37.0,42.0,52.1,24.5,9.7,1090.0,30.6,58.0,61
5408,2025-05-08 05:15:00+00:00,37.0,44.0,50.6,24.6,10.2,-770.0,30.8,57.0,61
5408,2025-05-08 05:30:00+00:00,37.0,44.0,52.1,25.1,11.3,22.13,31.3,55.0,61
5408,2025-05-08 05:45:00+00:00,37.0,44.0,52.5,27.1,11.7,17.8399999999999,32.2,51.0,61
5408,2025-05-08 06:15:00+00:00,37.0,45.0,52.7,2.6,11.2,0.0,32.2,49.0,61
5408,2025-05-08 06:30:00+00:00,37.0,45.0,69.4,-10.0,11.4,0.0,31.8,49.0,69
5408,2025-05-08 06:45:00+00:00,37.0,45.0,60.8,30.5,12.2,70.0,32.5,47.0,61
5408,2025-05-08 07:00:00+00:00,37.0,45.0,44.5,25.3,13.2,0.0,32.7,47.0,61
5408,2025-05-08 07:15:00+00:00,40.0,50.0,34.9,24.9,1.7,270.0,33.2,46.0,66
5408,2025-05-08 07:30:00+00:00,40.0,50.0,47.6,22.7,359.0,0.0,33.2,45.0,193
5408,2025-05-08 07:45:00+00:00,40.0,50.0,61.2,27.9,5.5,0.0,33.6,44.0,66
5408,2025-05-08 08:00:00+00:00,40.0,50.0,58.4,29.6,5.0,160.0,34.2,44.0,66
5408,2025-05-08 08:15:00+00:00,44.0,45.0,64.5,29.5,6.1,5190.0,34.5,43.0,140
5408,2025-05-08 08:30:00+00:00,38.0,45.0,57.6,28.3,10.4,5810.0,33.7,43.0,147
5408,2025-05-08 08:45:00+00:00,38.0,45.0,59.8,26.4,12.0,5810.0,30.8,47.0,147
5408,2025-05-08 09:00:00+00:00,38.0,45.0,59.0,25.4,11.0,2300.0,29.8,50.0,104
5408,2025-05-08 09:15:00+00:00,68.0,70.0,60.2,22.7,11.8,1850.0,28.3,50.0,125
5408,2025-05-08 09:30:00+00:00,68.0,70.0,60.6,21.2,12.0,500.0,27.1,52.0,125
5408,2025-05-08 09:45:00+00:00,68.0,70.0,59.2,21.0,11.9,0.0,26.8,55.0,125
5408,2025-05-08 10:00:00+00:00,68.0,70.0,58.6,24.5,10.8,0.0,26.9,55.0,125
5408,2025-05-08 10:15:00+00:00,26.0,296.0,57.4,26.0,10.5,1050.0,27.1,54.0,246
5408,2025-05-08 10:30:00+00:00,26.0,296.0,64.5,27.6,11.2,1440.0,26.2,62.0,246
5408,2025-05-08 10:45:00+00:00,26.0,296.0,64.9,27.8,11.4,1630.0,25.5,66.0,246
5408,2025-05-08 11:00:00+00:00,26.0,296.0,64.1,28.0,11.4,2000.0,26.0,63.0,246
5408,2025-05-08 11:15:00+00:00,37.0,296.0,62.1,27.6,11.8,970.0,26.3,60.0,246
5408,2025-05-08 11:30:00+00:00,34.0,61.0,60.4,28.7,12.0,210.0,26.0,61.0,61
5408,2025-05-08 11:45:00+00:00,34.0,61.0,60.4,29.8,11.8,0.0,25.4,61.0,61
5408,2025-05-08 12:00:00+00:00,34.0,61.0,57.0,31.6,11.6,0.0,25.5,62.0,61
5408,2025-05-08 12:15:00+00:00,34.0,54.0,52.1,33.7,11.3,0.0,25.7,60.0,56
5408,2025-05-08 12:30:00+00:00,34.0,54.0,48.8,36.1,11.1,0.0,25.9,60.0,56
5408,2025-05-08 12:45:00+00:00,34.0,54.0,54.9,37.5,11.0,0.0,26.0,58.0,56
5408,2025-05-08 13:00:00+00:00,34.0,54.0,58.8,36.5,12.4,0.0,25.3,61.0,59
5408,2025-05-08 13:15:00+00:00,37.0,69.0,58.8,34.4,12.8,190.0,24.9,62.0,69
5408,2025-05-08 13:30:00+00:00,37.0,69.0,50.4,33.6,14.3,420.0,25.4,61.0,69
5408,2025-05-08 13:45:00+00:00,37.0,69.0,45.5,35.2,13.8,0.0,25.4,63.0,69
5408,2025-05-08 14:00:00+00:00,37.0,69.0,48.2,35.1,12.7,0.0,25.1,64.0,69
5408,2025-05-08 14:15:00+00:00,29.0,62.0,46.5,35.7,12.7,0.0,25.2,63.0,62
5408,2025-05-08 15:15:00+00:00,36.0,91.0,37.6,36.6,14.0,840.0,25.7,63.0,91
5408,2025-05-08 15:30:00+00:00,36.0,91.0,30.8,38.9,14.0,3220.0,25.7,65.0,115
5408,2025-05-08 15:45:00+00:00,36.0,91.0,33.9,40.5,14.7,3660.0,25.5,66.0,121
5408,2025-05-08 16:00:00+00:00,36.0,91.0,29.8,39.7,14.6,3460.0,25.0,69.0,118
5408,2025-05-08 16:15:00+00:00,48.0,111.0,27.2,37.4,16.5,3270.0,24.6,71.0,116
5408,2025-05-08 16:30:00+00:00,48.0,111.0,24.1,37.1,19.8,3370.0,24.3,71.0,117
5408,2025-05-08 16:45:00+00:00,48.0,111.0,35.3,37.0,20.1,3310.0,24.2,69.0,116
5408,2025-05-08 17:00:00+00:00,48.0,111.0,35.7,34.0,18.1,3540.0,24.1,71.0,119
5408,2025-05-08 17:15:00+00:00,31.0,79.0,34.3,32.7,16.2,3240.0,23.9,73.0,115
5408,2025-05-08 17:30:00+00:00,31.0,79.0,34.7,31.4,14.3,2970.0,23.7,73.0,112
5408,2025-05-08 17:45:00+00:00,31.0,79.0,37.2,28.7,12.9,3440.0,23.7,74.0,118
5408,2025-05-08 18:00:00+00:00,31.0,79.0,40.2,28.2,12.6,3600.0,23.7,74.0,120
5408,2025-05-08 18:15:00+00:00,21.0,43.0,40.8,27.4,12.6,3260.0,23.8,74.0,116
5408,2025-05-08 19:15:00+00:00,25.0,41.0,36.1,27.4,13.5,1560.0,23.6,75.0,76
5408,2025-05-08 19:30:00+00:00,25.0,41.0,34.9,27.1,14.0,390.0,23.5,75.0,42
5408,2025-05-08 19:45:00+00:00,25.0,41.0,34.1,27.2,14.2,660.0,23.5,76.0,42
5408,2025-05-08 20:15:00+00:00,19.0,36.0,32.7,26.2,13.3,560.0,23.4,76.0,36
5408,2025-05-08 20:30:00+00:00,19.0,36.0,30.2,26.6,13.7,570.0,23.4,77.0,36
5408,2025-05-08 20:45:00+00:00,19.0,36.0,27.2,26.8,14.0,770.0,23.3,78.0,38
5408,2025-05-08 21:00:00+00:00,19.0,36.0,24.3,26.0,13.7,730.0,23.2,79.0,36
5408,2025-05-08 21:30:00+00:00,21.0,42.0,153.5,29.2,14.0,0.0,23.5,79.0,179
5408,2025-05-08 21:45:00+00:00,21.0,42.0,19.6,27.3,13.5,180.0,23.7,79.0,42
5408,2025-05-08 22:00:00+00:00,21.0,42.0,19.8,27.7,13.7,600.0,23.7,79.0,42
5408,2025-05-08 22:15:00+00:00,25.0,51.0,16.3,29.4,13.4,520.0,23.6,79.0,51
5408,2025-05-08 22:45:00+00:00,25.0,51.0,13.9,31.1,11.8,0.0,23.3,80.0,51
5408,2025-05-08 23:00:00+00:00,25.0,51.0,17.6,31.5,11.7,930.0,23.2,80.0,51
5408,2025-05-08 23:15:00+00:00,26.0,52.0,18.0,29.4,12.0,920.0,23.2,81.0,52
5408,2025-05-08 23:45:00+00:00,26.0,52.0,16.7,29.8,11.7,760.0,23.3,81.0,52
5408,2025-05-09 00:00:00+00:00,26.0,52.0,14.3,29.4,12.3,0.0,23.4,81.0,52
5408,2025-05-09 00:15:00+00:00,31.0,56.0,10.0,30.3,12.2,0.0,23.4,81.0,56
5408,2025-05-09 00:30:00+00:00,31.0,56.0,9.6,30.5,11.5,0.0,23.4,81.0,56
5408,2025-05-09 00:45:00+00:00,31.0,56.0,12.2,31.3,10.7,0.0,23.3,81.0,56
5408,2025-05-09 01:00:00+00:00,31.0,56.0,13.9,31.2,10.3,0.0,23.6,81.0,56
5408,2025-05-09 01:15:00+00:00,30.0,61.0,13.1,30.2,10.8,0.0,23.8,81.0,61
5408,2025-05-09 01:30:00+00:00,30.0,61.0,12.2,30.3,10.6,0.0,23.9,81.0,61
5408,2025-05-09 01:45:00+00:00,30.0,61.0,19.6,30.6,10.4,0.0,24.5,77.0,61
5408,2025-05-09 02:00:00+00:00,30.0,61.0,25.7,29.6,10.6,0.0,25.0,74.0,61
5408,2025-05-09 02:15:00+00:00,35.0,61.0,29.2,29.9,10.8,0.0,25.3,73.0,61
5408,2025-05-09 02:30:00+00:00,35.0,61.0,29.6,28.8,10.5,0.0,25.9,72.0,61
5408,2025-05-09 02:45:00+00:00,35.0,61.0,31.6,31.3,10.6,0.0,26.4,71.0,61
5408,2025-05-09 03:00:00+00:00,35.0,61.0,33.7,30.2,10.7,0.0,26.9,70.0,61
5408,2025-05-09 03:15:00+00:00,45.0,66.0,34.1,29.2,10.9,0.0,27.2,69.0,75
5408,2025-05-09 03:30:00+00:00,45.0,66.0,36.7,28.4,11.0,680.0,27.1,69.0,75
5408,2025-05-09 04:00:00+00:00,45.0,66.0,40.4,29.2,11.0,720.0,28.1,67.0,75
5408,2025-05-09 04:15:00+00:00,23.0,77.0,43.3,29.7,10.7,570.0,28.9,64.0,77
5408,2025-05-09 04:30:00+00:00,23.0,77.0,43.5,30.6,11.3,710.0,29.2,63.0,77
5408,2025-05-09 04:45:00+00:00,23.0,77.0,46.5,29.6,11.4,610.0,29.1,64.0,77
5408,2025-05-09 05:15:00+00:00,49.0,74.0,50.2,28.3,10.5,60.0,30.3,58.0,81
5408,2025-05-09 05:30:00+00:00,49.0,74.0,50.4,29.5,10.8,23.66,30.8,57.0,81
5408,2025-05-09 05:45:00+00:00,49.0,74.0,51.4,28.9,11.3,19.689999999999998,31.6,54.0,81
5408,2025-05-09 06:00:00+00:00,49.0,74.0,52.1,27.2,11.2,740.0,31.8,52.0,81
5408,2025-05-09 06:15:00+00:00,32.0,66.0,52.7,6.6,11.2,950.0,32.3,51.0,66
5408,2025-05-09 06:30:00+00:00,32.0,66.0,55.9,-15.4,11.7,770.0,32.4,49.0,66
5408,2025-05-09 07:00:00+00:00,32.0,66.0,55.1,26.5,11.6,150.0,33.1,48.0,66
5408,2025-05-09 07:15:00+00:00,37.0,65.0,60.0,25.7,1.3,230.0,32.9,48.0,65
5408,2025-05-09 07:30:00+00:00,37.0,65.0,60.6,27.7,357.8,1120.0,33.4,47.0,193
5408,2025-05-09 07:45:00+00:00,37.0,65.0,59.6,27.9,10.3,1150.0,32.9,48.0,65
5408,2025-05-09 08:00:00+00:00,37.0,65.0,60.4,27.1,10.3,970.0,33.4,46.0,65
5408,2025-05-09 08:15:00+00:00,31.0,63.0,60.6,27.9,10.3,1050.0,33.8,45.0,63
5408,2025-05-09 08:30:00+00:00,31.0,63.0,63.1,27.5,11.2,1270.0,33.9,45.0,63
5408,2025-05-09 08:45:00+00:00,31.0,63.0,60.6,27.1,11.1,1160.0,33.8,45.0,63
5408,2025-05-09 09:00:00+00:00,31.0,63.0,61.3,27.1,10.8,2630.0,34.3,43.0,108
5408,2025-05-09 09:15:00+00:00,31.0,67.0,64.9,24.9,10.5,3010.0,34.2,43.0,112
5408,2025-05-09 09:30:00+00:00,31.0,67.0,68.4,24.7,10.2,3080.0,34.1,42.0,113
5408,2025-05-09 09:45:00+00:00,31.0,67.0,69.8,25.0,10.9,2970.0,34.7,41.0,112
5408,2025-05-09 10:00:00+00:00,31.0,67.0,67.8,25.1,11.3,2610.0,34.5,42.0,107
5408,2025-05-09 10:15:00+00:00,32.0,59.0,66.1,24.4,11.2,2200.0,34.3,42.0,102
5408,2025-05-09 10:30:00+00:00,32.0,59.0,69.2,24.0,11.2,2430.0,33.6,43.0,105
5408,2025-05-09 10:45:00+00:00,32.0,59.0,74.9,24.7,10.8,2630.0,33.1,44.0,108
5408,2025-05-09 11:00:00+00:00,32.0,59.0,72.9,24.8,10.7,2500.0,33.6,41.0,106
5408,2025-05-09 11:15:00+00:00,31.0,63.0,75.3,24.8,10.9,1810.0,33.1,42.0,90
5408,2025-05-09 11:30:00+00:00,31.0,63.0,77.2,25.6,10.8,1050.0,32.0,46.0,77
5408,2025-05-09 11:45:00+00:00,31.0,63.0,74.7,25.7,11.3,1210.0,31.5,49.0,75
5408,2025-05-09 12:00:00+00:00,31.0,63.0,59.8,25.9,11.2,1190.0,30.7,54.0,63
5408,2025-05-09 12:30:00+00:00,29.0,69.0,54.7,28.1,10.7,840.0,29.7,58.0,69
5408,2025-05-09 12:45:00+00:00,29.0,69.0,53.7,24.4,10.9,1200.0,29.3,59.0,69
5408,2025-05-09 13:00:00+00:00,29.0,69.0,54.3,25.7,10.8,1250.0,29.0,61.0,69
5408,2025-05-09 13:15:00+00:00,43.0,75.0,47.4,26.2,11.2,770.0,28.6,64.0,75
5408,2025-05-09 13:30:00+00:00,43.0,75.0,44.7,25.7,11.4,710.0,28.3,65.0,75
5408,2025-05-09 13:45:00+00:00,43.0,75.0,44.5,25.2,11.7,940.0,28.1,65.0,75
5408,2025-05-09 14:00:00+00:00,43.0,75.0,42.1,25.8,11.4,950.0,27.9,64.0,75
5408,2025-05-09 14:15:00+00:00,47.0,78.0,42.3,26.0,11.5,780.0,27.6,66.0,78
5408,2025-05-09 14:45:00+00:00,47.0,78.0,42.3,28.8,12.4,890.0,27.2,69.0,78
5408,2025-05-09 15:00:00+00:00,47.0,78.0,43.1,26.9,12.1,960.0,27.0,69.0,78
5408,2025-05-09 15:15:00+00:00,47.0,71.0,44.7,26.8,12.4,530.0,26.7,70.0,78
5408,2025-05-09 15:30:00+00:00,47.0,71.0,43.7,25.0,12.7,470.0,26.5,71.0,78
5408,2025-05-09 15:45:00+00:00,47.0,71.0,41.9,24.0,13.2,790.0,26.4,72.0,78
5408,2025-05-09 16:00:00+00:00,47.0,71.0,39.8,23.9,13.3,520.0,26.1,73.0,78
5408,2025-05-09 16:15:00+00:00,58.0,89.0,40.2,24.8,13.5,300.0,26.0,73.0,97
5408,2025-05-09 16:30:00+00:00,58.0,89.0,38.8,27.3,13.8,340.0,26.0,74.0,97
5408,2025-05-09 16:45:00+00:00,58.0,89.0,38.2,27.0,13.8,720.0,25.7,75.0,97
5408,2025-05-09 17:00:00+00:00,58.0,89.0,37.6,26.8,13.0,810.0,25.6,76.0,97
5408,2025-05-09 17:15:00+00:00,49.0,83.0,36.8,25.9,12.5,240.0,25.5,77.0,83
5408,2025-05-09 17:30:00+00:00,49.0,83.0,31.6,27.6,13.1,0.0,25.6,77.0,83
5408,2025-05-09 17:45:00+00:00,49.0,83.0,28.0,27.8,12.5,0.0,25.6,77.0,83
5408,2025-05-09 18:00:00+00:00,49.0,83.0,37.0,27.8,12.1,0.0,25.6,77.0,83
5408,2025-05-09 18:15:00+00:00,57.0,88.0,40.2,28.5,11.4,0.0,25.6,77.0,95
5408,2025-05-09 19:15:00+00:00,52.0,88.0,25.9,28.8,7.6,0.0,25.1,79.0,88
5408,2025-05-09 19:30:00+00:00,52.0,88.0,25.7,28.6,7.6,980.0,25.0,80.0,88
5408,2025-05-09 19:45:00+00:00,52.0,88.0,24.9,28.9,7.3,1170.0,24.9,80.0,88
5408,2025-05-09 20:00:00+00:00,52.0,88.0,23.5,29.0,7.3,1040.0,24.8,80.0,88
5408,2025-05-09 20:15:00+00:00,49.0,84.0,22.7,28.4,7.5,1020.0,24.8,81.0,84
5408,2025-05-09 20:30:00+00:00,49.0,84.0,22.0,27.7,7.8,1280.0,24.7,81.0,84
5408,2025-05-09 20:45:00+00:00,49.0,84.0,22.5,28.6,7.6,1160.0,24.7,81.0,84
5408,2025-05-09 21:00:00+00:00,49.0,84.0,24.7,27.9,7.3,1110.0,24.6,81.0,84
5408,2025-05-09 21:15:00+00:00,41.0,80.0,-3.5,28.3,6.9,410.0,24.6,82.0,80
5408,2025-05-09 21:30:00+00:00,41.0,80.0,133.5,28.7,6.8,810.0,24.6,82.0,149
5408,2025-05-09 21:45:00+00:00,41.0,80.0,18.8,27.9,6.7,950.0,24.5,82.0,80
5408,2025-05-09 22:00:00+00:00,41.0,80.0,21.0,27.1,6.7,920.0,24.4,82.0,80
5408,2025-05-09 22:15:00+00:00,48.0,77.0,17.8,26.9,6.9,730.0,24.4,82.0,80
5408,2025-05-09 22:30:00+00:00,48.0,77.0,23.1,28.1,7.1,950.0,24.5,82.0,80
5408,2025-05-09 22:45:00+00:00,48.0,77.0,23.1,28.4,7.0,1020.0,24.5,82.0,80
5408,2025-05-09 23:00:00+00:00,48.0,77.0,23.7,28.1,6.9,900.0,24.5,82.0,80
5408,2025-05-09 23:15:00+00:00,42.0,83.0,20.8,28.4,6.9,1370.0,24.5,82.0,83
5408,2025-05-09 23:30:00+00:00,42.0,83.0,14.9,29.2,7.2,1830.0,24.2,83.0,91
5408,2025-05-09 23:45:00+00:00,42.0,83.0,16.9,29.7,7.0,2080.0,23.9,84.0,83
5408,2025-05-10 00:00:00+00:00,42.0,83.0,18.2,29.0,7.0,1750.0,24.2,84.0,86
5408,2025-05-10 00:15:00+00:00,42.0,80.0,18.4,29.0,7.0,1950.0,24.4,83.0,97
5408,2025-05-10 00:30:00+00:00,42.0,80.0,14.3,29.5,8.6,1980.0,24.5,83.0,99
5408,2025-05-10 00:45:00+00:00,42.0,80.0,18.4,31.0,9.7,2140.0,24.8,82.0,102
5408,2025-05-10 01:00:00+00:00,42.0,80.0,23.5,31.0,9.7,1940.0,25.3,80.0,97
5408,2025-05-10 01:15:00+00:00,39.0,77.0,27.4,30.5,9.6,1960.0,25.9,79.0,98
5408,2025-05-10 01:30:00+00:00,39.0,77.0,29.0,29.4,10.0,2120.0,26.2,78.0,101
5408,2025-05-10 01:45:00+00:00,39.0,77.0,29.6,28.8,10.5,2110.0,26.4,77.0,101
5408,2025-05-10 02:15:00+00:00,40.0,76.0,38.4,27.8,10.7,2890.0,27.2,74.0,111
5408,2025-05-10 02:30:00+00:00,40.0,76.0,41.2,27.2,11.3,3550.0,27.5,73.0,119
5408,2025-05-10 02:45:00+00:00,40.0,76.0,44.5,26.2,11.5,3790.0,27.6,73.0,122
5408,2025-05-10 03:00:00+00:00,40.0,76.0,45.7,24.7,12.0,3820.0,27.3,74.0,123
5408,2025-05-10 03:15:00+00:00,26.0,67.0,46.1,24.0,11.8,2040.0,27.6,73.0,67
5408,2025-05-10 03:30:00+00:00,26.0,67.0,47.0,23.4,11.9,260.0,27.9,71.0,67
5408,2025-05-10 03:45:00+00:00,26.0,67.0,48.4,23.1,11.8,620.0,28.7,69.0,67
5408,2025-05-10 04:00:00+00:00,26.0,67.0,49.6,22.7,11.6,1060.0,29.0,67.0,67
5408,2025-05-10 04:30:00+00:00,29.0,66.0,52.1,20.8,11.6,710.0,29.6,64.0,66
5408,2025-05-10 04:45:00+00:00,29.0,66.0,53.7,23.4,11.4,1330.0,29.6,63.0,66
5408,2025-05-10 05:00:00+00:00,29.0,66.0,55.7,23.0,11.5,1510.0,30.5,59.0,73
5408,2025-05-10 05:15:00+00:00,35.0,68.0,56.6,23.1,11.7,-500.0,30.9,55.0,68
5408,2025-05-10 05:30:00+00:00,35.0,68.0,56.1,24.0,11.7,22.18,31.5,53.0,68
5408,2025-05-10 05:45:00+00:00,35.0,68.0,57.2,25.1,11.7,18.259999999999998,31.8,51.0,68
5408,2025-05-10 06:00:00+00:00,35.0,68.0,58.8,24.1,11.5,790.0,31.9,50.0,68
5408,2025-05-10 06:15:00+00:00,32.0,67.0,58.6,4.0,11.3,240.0,32.4,49.0,67
5408,2025-05-10 06:30:00+00:00,32.0,67.0,60.6,-12.6,11.5,100.0,32.9,48.0,67
5408,2025-05-10 06:45:00+00:00,32.0,67.0,58.4,19.2,11.4,0.0,33.2,47.0,67
5408,2025-05-10 07:15:00+00:00,41.0,76.0,54.9,19.3,0.8,1520.0,33.2,46.0,76
5408,2025-05-10 07:30:00+00:00,41.0,76.0,55.9,22.0,354.3,1000.0,33.1,46.0,191
5408,2025-05-10 07:45:00+00:00,41.0,76.0,57.0,22.5,12.8,1270.0,34.1,44.0,76
5408,2025-05-10 08:00:00+00:00,41.0,76.0,62.9,23.3,12.5,1240.0,34.2,43.0,76
5408,2025-05-10 08:15:00+00:00,42.0,73.0,63.5,22.4,12.2,980.0,34.2,43.0,73
5408,2025-05-10 08:30:00+00:00,42.0,73.0,64.7,21.7,12.1,1310.0,33.4,45.0,73
5408,2025-05-10 08:45:00+00:00,42.0,73.0,64.5,22.0,12.3,1080.0,34.0,43.0,73
5408,2025-05-10 09:00:00+00:00,42.0,73.0,63.9,22.0,12.0,900.0,34.9,41.0,73
5408,2025-05-10 09:30:00+00:00,43.0,70.0,68.0,21.8,12.4,880.0,34.7,40.0,71
5408,2025-05-10 09:45:00+00:00,43.0,70.0,66.6,23.1,11.2,0.0,34.8,40.0,71
5408,2025-05-10 10:00:00+00:00,43.0,70.0,68.4,24.2,9.6,1570.0,34.1,42.0,77
5408,2025-05-10 10:15:00+00:00,45.0,79.0,70.4,24.3,9.6,3020.0,33.6,43.0,113
5408,2025-05-10 10:30:00+00:00,45.0,79.0,73.7,24.5,10.7,3930.0,33.3,43.0,124
5408,2025-05-10 10:45:00+00:00,45.0,79.0,76.2,23.5,11.1,3700.0,33.0,45.0,121
5408,2025-05-10 11:00:00+00:00,45.0,79.0,71.0,24.3,10.7,170.0,32.4,47.0,79
5408,2025-05-10 11:15:00+00:00,48.0,91.0,69.4,28.0,9.7,880.0,31.9,48.0,91
5408,2025-05-10 11:45:00+00:00,48.0,91.0,68.4,24.9,10.7,4930.0,31.1,50.0,136
5408,2025-05-10 12:00:00+00:00,48.0,91.0,65.3,26.6,11.6,4770.0,30.8,51.0,134
5408,2025-05-10 12:15:00+00:00,51.0,98.0,63.7,26.6,12.1,4930.0,30.6,52.0,136
5408,2025-05-10 12:30:00+00:00,51.0,98.0,60.2,27.9,12.4,4930.0,30.3,53.0,136
5408,2025-05-10 12:45:00+00:00,51.0,98.0,56.8,28.6,12.1,4820.0,30.0,54.0,135
5408,2025-05-10 13:15:00+00:00,60.0,125.0,48.2,31.3,11.5,4930.0,29.3,56.0,136
5408,2025-05-10 13:30:00+00:00,60.0,125.0,40.8,31.8,11.7,4870.0,29.0,57.0,136
5408,2025-05-10 13:45:00+00:00,60.0,125.0,40.4,32.4,11.9,4990.0,28.8,56.0,137
5408,2025-05-10 14:00:00+00:00,60.0,125.0,38.4,30.4,11.9,4900.0,28.7,56.0,136
5408,2025-05-10 14:30:00+00:00,47.0,98.0,39.6,31.6,11.6,4910.0,28.0,59.0,136
5408,2025-05-10 14:45:00+00:00,47.0,98.0,38.4,30.2,12.1,4670.0,27.6,61.0,133
5408,2025-05-10 15:00:00+00:00,47.0,98.0,40.0,30.0,11.8,4560.0,27.4,62.0,132
5408,2025-05-10 15:15:00+00:00,45.0,83.0,40.2,30.1,11.7,2770.0,27.2,63.0,109
5408,2025-05-10 15:30:00+00:00,45.0,83.0,39.2,31.7,11.5,1270.0,27.0,65.0,83
5408,2025-05-10 15:45:00+00:00,45.0,83.0,40.0,30.0,11.7,1410.0,26.9,66.0,83
5408,2025-05-10 16:00:00+00:00,45.0,83.0,39.6,30.2,11.1,1160.0,26.7,69.0,83
5408,2025-05-10 16:15:00+00:00,53.0,101.0,40.2,29.5,11.2,1100.0,26.3,71.0,101
5408,2025-05-10 16:30:00+00:00,53.0,101.0,32.9,28.7,11.6,1450.0,26.2,72.0,101
5408,2025-05-10 16:45:00+00:00,53.0,101.0,26.1,29.9,11.4,1350.0,26.0,73.0,101
5408,2025-05-10 17:00:00+00:00,53.0,101.0,32.7,31.9,11.5,1210.0,25.8,74.0,101
5408,2025-05-10 17:15:00+00:00,67.0,114.0,34.7,31.4,11.3,1250.0,25.6,75.0,121
5408,2025-05-10 17:45:00+00:00,67.0,114.0,32.5,30.6,10.9,1330.0,25.4,77.0,121
5408,2025-05-10 18:00:00+00:00,67.0,114.0,29.8,30.5,10.9,1310.0,25.3,77.0,121
5408,2025-05-10 18:15:00+00:00,49.0,123.0,28.4,30.4,11.3,1150.0,25.2,78.0,116
5408,2025-05-10 19:15:00+00:00,53.0,122.0,30.4,30.5,13.4,1430.0,24.9,79.0,115
5408,2025-05-10 19:30:00+00:00,53.0,122.0,30.2,31.0,13.2,1260.0,24.8,79.0,115
5408,2025-05-10 19:45:00+00:00,53.0,122.0,29.0,30.6,13.2,2140.0,24.6,80.0,115
5408,2025-05-10 20:00:00+00:00,53.0,122.0,28.4,30.3,12.7,2440.0,24.4,81.0,115
5408,2025-05-10 21:15:00+00:00,57.0,137.0,-14.9,30.9,12.4,1520.0,23.9,83.0,125
5408,2025-05-10 21:30:00+00:00,57.0,137.0,150.5,31.7,13.3,980.0,23.8,83.0,174
5408,2025-05-10 21:45:00+00:00,57.0,137.0,25.5,32.1,13.4,1770.0,23.9,83.0,125
5408,2025-05-10 22:00:00+00:00,57.0,137.0,25.3,30.6,13.6,2000.0,23.9,83.0,125
5408,2025-05-10 22:15:00+00:00,65.0,138.0,24.3,29.7,13.7,2130.0,24.0,83.0,126
5408,2025-05-10 22:30:00+00:00,65.0,138.0,19.6,29.5,13.8,1890.0,24.0,83.0,126
5408,2025-05-10 22:45:00+00:00,65.0,138.0,20.4,30.4,14.0,2290.0,23.8,83.0,126
5408,2025-05-10 23:00:00+00:00,65.0,138.0,20.0,30.2,13.7,2370.0,24.0,83.0,126
5408,2025-05-10 23:15:00+00:00,67.0,128.0,16.1,30.6,13.9,1390.0,24.0,83.0,121
5408,2025-05-10 23:30:00+00:00,67.0,128.0,11.2,30.5,13.9,230.0,23.7,83.0,121
5408,2025-05-10 23:45:00+00:00,67.0,128.0,13.5,31.0,13.5,530.0,23.5,84.0,121
5408,2025-05-11 00:00:00+00:00,67.0,128.0,14.7,30.5,14.0,700.0,23.5,84.0,121
5408,2025-05-11 00:15:00+00:00,67.0,127.0,14.7,31.4,14.2,310.0,23.6,84.0,121
5408,2025-05-11 00:45:00+00:00,67.0,127.0,16.7,33.9,12.1,610.0,24.2,83.0,121
5408,2025-05-11 01:00:00+00:00,67.0,127.0,13.7,33.2,11.6,580.0,24.8,81.0,121
5408,2025-05-11 01:15:00+00:00,63.0,112.0,17.4,32.6,11.5,570.0,25.7,79.0,108
5408,2025-05-11 01:30:00+00:00,63.0,112.0,30.8,31.4,11.5,340.0,26.5,76.0,108
5408,2025-05-11 01:45:00+00:00,63.0,112.0,34.1,29.8,11.6,700.0,27.1,75.0,108
5408,2025-05-11 02:00:00+00:00,63.0,112.0,39.6,28.9,11.4,0.0,27.5,74.0,108
5408,2025-05-11 02:15:00+00:00,46.0,84.0,41.0,29.1,10.9,0.0,27.6,73.0,84
5408,2025-05-11 02:30:00+00:00,46.0,84.0,39.0,27.4,11.1,540.0,27.8,72.0,84
5408,2025-05-11 02:45:00+00:00,46.0,84.0,35.7,26.1,10.7,0.0,28.1,71.0,84
5408,2025-05-11 03:00:00+00:00,46.0,84.0,43.5,25.7,10.6,520.0,28.6,69.0,84
5408,2025-05-11 03:15:00+00:00,30.0,64.0,41.6,27.0,10.9,640.0,28.8,67.0,64
5408,2025-05-11 03:30:00+00:00,30.0,64.0,43.3,26.6,10.7,100.0,29.0,67.0,64
5408,2025-05-11 03:45:00+00:00,30.0,64.0,48.0,26.4,10.8,770.0,29.4,66.0,64
5408,2025-05-11 04:00:00+00:00,30.0,64.0,48.8,26.0,11.3,870.0,30.2,63.0,64
5408,2025-05-11 04:15:00+00:00,32.0,78.0,50.6,25.1,11.6,620.0,30.9,58.0,78
5408,2025-05-11 04:30:00+00:00,32.0,78.0,48.2,24.7,12.5,0.0,31.4,54.0,78
5408,2025-05-11 04:45:00+00:00,32.0,78.0,42.9,25.6,13.1,0.0,31.8,51.0,78
5408,2025-05-11 05:15:00+00:00,39.0,76.0,69.0,24.6,13.3,-2280.0,32.9,47.0,76
5408,2025-05-11 05:30:00+00:00,39.0,76.0,87.6,24.9,14.2,21.03,33.0,46.0,88
5408,2025-05-11 05:45:00+00:00,39.0,76.0,52.5,25.2,14.9,17.13,33.4,44.0,76
5408,2025-05-11 06:15:00+00:00,43.0,84.0,59.8,4.9,14.4,0.0,34.1,40.0,84
5408,2025-05-11 06:30:00+00:00,43.0,84.0,65.9,-10.5,13.3,0.0,34.3,39.0,84
5408,2025-05-11 06:45:00+00:00,43.0,84.0,61.9,29.9,13.0,0.0,34.5,38.0,84
5408,2025-05-11 07:00:00+00:00,43.0,84.0,62.5,22.3,11.7,0.0,34.4,38.0,84
5408,2025-05-11 07:15:00+00:00,36.0,75.0,57.6,23.9,-1.3,0.0,35.0,36.0,75
5408,2025-05-11 07:30:00+00:00,36.0,75.0,57.2,24.3,353.6,860.0,35.1,36.0,191
5408,2025-05-11 07:45:00+00:00,36.0,75.0,57.8,23.3,10.9,1650.0,35.1,36.0,81
5408,2025-05-11 08:00:00+00:00,36.0,75.0,59.2,23.5,11.1,1030.0,35.2,37.0,75
5408,2025-05-11 08:15:00+00:00,39.0,68.0,59.2,23.6,10.6,890.0,35.1,36.0,68
5408,2025-05-11 08:30:00+00:00,39.0,68.0,58.4,24.5,10.7,1010.0,35.8,35.0,68
5408,2025-05-11 08:45:00+00:00,39.0,68.0,57.2,25.2,10.1,530.0,36.8,33.0,68
5408,2025-05-11 09:00:00+00:00,39.0,68.0,59.8,24.8,9.4,1040.0,36.7,34.0,68
5408,2025-05-11 09:15:00+00:00,35.0,60.0,61.7,23.9,9.4,820.0,36.2,34.0,62
5408,2025-05-11 09:30:00+00:00,35.0,60.0,64.9,23.4,10.6,820.0,36.1,35.0,65
5408,2025-05-11 09:45:00+00:00,35.0,60.0,68.2,24.0,9.5,1010.0,35.9,35.0,68
5408,2025-05-11 10:00:00+00:00,35.0,60.0,71.5,24.5,8.8,1500.0,35.6,34.0,73
5408,2025-05-11 10:15:00+00:00,35.0,67.0,72.3,24.1,9.2,1360.0,35.8,34.0,72
5408,2025-05-11 10:30:00+00:00,35.0,67.0,72.1,25.2,10.3,1350.0,35.8,33.0,72
5408,2025-05-11 10:45:00+00:00,35.0,67.0,68.6,25.8,9.7,0.0,35.6,32.0,69
5408,2025-05-11 11:15:00+00:00,34.0,62.0,71.1,26.3,10.2,1830.0,35.4,33.0,91
5408,2025-05-11 11:30:00+00:00,34.0,62.0,71.3,25.8,10.6,790.0,35.1,33.0,71
5408,2025-05-11 11:45:00+00:00,34.0,62.0,62.9,25.9,9.6,180.0,33.9,44.0,63
5408,2025-05-11 12:00:00+00:00,34.0,62.0,55.5,26.3,7.5,0.0,32.4,50.0,62
5408,2025-05-11 12:15:00+00:00,42.0,89.0,55.5,27.6,6.6,0.0,31.6,52.0,89
5408,2025-05-11 12:30:00+00:00,42.0,89.0,54.3,26.1,10.4,1430.0,31.0,54.0,89
5408,2025-05-11 12:45:00+00:00,42.0,89.0,50.8,25.5,13.5,1120.0,30.6,55.0,89
5408,2025-05-11 13:00:00+00:00,42.0,89.0,48.2,27.4,14.6,890.0,30.2,55.0,89
5408,2025-05-11 13:15:00+00:00,54.0,107.0,45.5,29.2,14.7,690.0,29.8,56.0,105
5408,2025-05-11 13:30:00+00:00,54.0,107.0,44.5,29.8,14.8,480.0,29.4,58.0,105
5408,2025-05-11 13:45:00+00:00,54.0,107.0,48.8,29.5,14.6,2260.0,29.1,60.0,105
5408,2025-05-11 14:00:00+00:00,54.0,107.0,43.7,28.3,14.4,2120.0,28.8,59.0,105
5408,2025-05-11 14:15:00+00:00,47.0,103.0,39.4,28.2,14.4,1760.0,28.6,58.0,102
5408,2025-05-11 14:30:00+00:00,47.0,103.0,32.1,29.0,16.0,1590.0,28.2,59.0,102
5408,2025-05-11 14:45:00+00:00,47.0,103.0,32.5,29.7,16.6,2029.9999999999998,27.9,59.0,102
5408,2025-05-11 15:00:00+00:00,47.0,103.0,31.0,29.7,16.6,2000.0,27.6,60.0,102
5408,2025-05-11 15:15:00+00:00,74.0,135.0,31.0,30.3,17.4,1560.0,27.4,61.0,145
5408,2025-05-11 15:30:00+00:00,74.0,135.0,27.8,30.9,17.2,640.0,27.1,63.0,145
5408,2025-05-11 15:45:00+00:00,74.0,135.0,28.6,32.0,17.2,1100.0,26.8,67.0,145
5408,2025-05-11 16:00:00+00:00,74.0,135.0,34.1,31.4,17.1,1100.0,26.6,70.0,145
5408,2025-05-11 16:15:00+00:00,85.0,146.0,31.2,32.1,16.9,810.0,26.4,71.0,183
5408,2025-05-11 16:30:00+00:00,85.0,146.0,31.0,32.0,16.6,870.0,26.3,72.0,183
5408,2025-05-11 16:45:00+00:00,85.0,146.0,28.8,30.7,16.3,1130.0,26.0,73.0,183
5408,2025-05-11 17:00:00+00:00,85.0,146.0,26.5,28.7,16.5,970.0,25.9,74.0,183
5408,2025-05-11 17:15:00+00:00,75.0,137.0,25.1,29.2,16.1,1000.0,25.7,76.0,149
5408,2025-05-11 17:30:00+00:00,75.0,137.0,22.1,29.3,15.9,660.0,25.4,77.0,149
5408,2025-05-11 17:45:00+00:00,75.0,137.0,21.6,30.4,15.4,1060.0,25.2,78.0,149
5408,2025-05-11 18:00:00+00:00,75.0,137.0,20.8,32.2,15.5,1090.0,25.2,79.0,149
5408,2025-05-11 18:15:00+00:00,82.0,212.0,22.5,30.2,15.2,650.0,25.1,79.0,175
5408,2025-05-11 19:15:00+00:00,76.0,229.0,24.3,32.3,12.4,310.0,24.8,81.0,186
5408,2025-05-11 19:45:00+00:00,76.0,229.0,26.9,32.6,11.9,1010.0,24.7,82.0,186
5408,2025-05-11 20:00:00+00:00,76.0,229.0,30.2,31.5,12.1,1060.0,24.7,82.0,186
5408,2025-05-11 20:15:00+00:00,63.0,126.0,29.8,29.3,11.9,740.0,24.7,83.0,118
5408,2025-05-11 20:30:00+00:00,63.0,126.0,31.8,29.5,11.9,950.0,24.7,83.0,118
5408,2025-05-11 20:45:00+00:00,63.0,126.0,33.5,28.8,11.9,980.0,24.6,83.0,118
5408,2025-05-11 21:00:00+00:00,63.0,126.0,26.5,28.6,12.0,870.0,24.5,83.0,118
5408,2025-05-11 21:15:00+00:00,54.0,109.0,-56.4,28.0,11.8,460.0,24.4,83.0,106
5408,2025-05-11 21:30:00+00:00,54.0,109.0,139.4,28.0,10.7,0.0,24.4,84.0,158
5408,2025-05-11 21:45:00+00:00,54.0,109.0,14.5,30.2,10.0,290.0,24.3,84.0,106
5408,2025-05-11 22:15:00+00:00,57.0,138.0,17.2,31.9,9.9,0.0,24.1,85.0,126
5408,2025-05-11 22:30:00+00:00,57.0,138.0,18.4,30.9,10.3,0.0,24.2,85.0,126
5408,2025-05-11 22:45:00+00:00,57.0,138.0,21.0,32.3,10.2,0.0,24.3,84.0,126
5408,2025-05-11 23:00:00+00:00,57.0,138.0,25.5,31.6,10.5,0.0,24.4,84.0,126
5408,2025-05-11 23:15:00+00:00,60.0,113.0,30.8,31.4,10.5,490.0,24.4,84.0,109
5408,2025-05-11 23:30:00+00:00,60.0,113.0,31.4,31.1,10.5,1530.0,24.4,84.0,109
5408,2025-05-11 23:45:00+00:00,60.0,113.0,34.9,30.4,10.6,1740.0,24.4,84.0,109
5408,2025-05-12 00:00:00+00:00,60.0,113.0,32.9,29.8,11.0,1610.0,24.3,84.0,109
5408,2025-05-12 00:15:00+00:00,56.0,101.0,30.6,29.2,10.8,1640.0,24.2,85.0,101
5408,2025-05-12 00:30:00+00:00,56.0,101.0,31.9,28.0,10.5,1740.0,24.3,85.0,101
5408,2025-05-12 00:45:00+00:00,56.0,101.0,30.8,28.3,10.9,1730.0,24.6,84.0,101
5408,2025-05-12 01:00:00+00:00,56.0,101.0,29.2,29.1,10.7,1830.0,24.9,83.0,101
5408,2025-05-12 01:15:00+00:00,48.0,100.0,33.3,28.5,10.0,1720.0,25.5,82.0,100
5408,2025-05-12 01:30:00+00:00,48.0,100.0,34.1,28.7,10.4,1940.0,26.1,80.0,100
5408,2025-05-12 01:45:00+00:00,48.0,100.0,36.8,28.1,10.8,1870.0,26.8,78.0,100
5408,2025-05-12 02:00:00+00:00,48.0,100.0,39.2,27.8,11.3,1890.0,27.7,74.0,100
5408,2025-05-12 02:15:00+00:00,52.0,100.0,41.7,26.5,11.8,1900.0,28.1,72.0,100
5408,2025-05-12 02:30:00+00:00,52.0,100.0,44.9,26.3,11.7,1870.0,28.2,70.0,100
5408,2025-05-12 02:45:00+00:00,52.0,100.0,46.6,26.9,11.5,2140.0,28.7,69.0,102
5408,2025-05-12 03:00:00+00:00,52.0,100.0,49.6,26.4,12.1,2150.0,29.2,66.0,102
5408,2025-05-12 03:15:00+00:00,48.0,98.0,50.8,26.9,12.5,1730.0,29.8,64.0,98
5408,2025-05-12 03:30:00+00:00,48.0,98.0,52.3,27.3,12.8,1010.0,30.1,62.0,98
5408,2025-05-12 03:45:00+00:00,48.0,98.0,55.5,27.1,13.0,1160.0,30.5,59.0,98
5408,2025-05-12 04:00:00+00:00,48.0,98.0,56.8,26.1,12.7,1360.0,31.5,55.0,98
5408,2025-05-12 04:15:00+00:00,57.0,98.0,58.4,26.5,12.1,1030.0,32.2,52.0,98
5408,2025-05-12 04:45:00+00:00,57.0,98.0,65.7,27.5,14.1,1490.0,32.8,49.0,98
5408,2025-05-12 05:00:00+00:00,57.0,98.0,68.0,27.0,14.2,1420.0,33.8,47.0,98
5408,2025-05-12 05:15:00+00:00,58.0,112.0,72.3,27.6,14.5,690.0,34.6,45.0,108
5408,2025-05-12 05:30:00+00:00,58.0,112.0,71.7,27.7,14.9,24.67,34.3,44.0,108
5408,2025-05-12 05:45:00+00:00,58.0,112.0,74.1,27.9,15.1,20.61,33.9,48.0,108
5408,2025-05-12 06:00:00+00:00,58.0,112.0,71.9,27.7,14.2,1740.0,34.5,46.0,108
5408,2025-05-12 06:15:00+00:00,63.0,124.0,76.0,3.9,13.7,1590.0,35.0,44.0,116
5408,2025-05-12 06:30:00+00:00,63.0,124.0,76.0,5.5,12.9,1340.0,35.3,44.0,116
5408,2025-05-12 06:45:00+00:00,63.0,124.0,77.2,29.6,12.1,1490.0,35.4,42.0,116
5408,2025-05-12 07:00:00+00:00,63.0,124.0,72.3,23.6,10.8,2000.0,35.7,42.0,116
5408,2025-05-12 07:15:00+00:00,57.0,115.0,70.8,24.3,-1.3,1680.0,36.1,40.0,110
5408,2025-05-12 07:30:00+00:00,57.0,115.0,71.9,25.4,353.2,540.0,35.9,40.0,191
5408,2025-05-12 07:45:00+00:00,57.0,115.0,66.6,25.5,8.4,380.0,36.6,38.0,110
5408,2025-05-12 08:00:00+00:00,57.0,115.0,66.8,26.1,8.8,620.0,37.0,35.0,110
5408,2025-05-12 08:15:00+00:00,47.0,91.0,65.1,25.9,9.1,570.0,37.2,34.0,91
5408,2025-05-12 08:45:00+00:00,47.0,91.0,65.3,28.2,11.2,780.0,37.5,32.0,91
5408,2025-05-12 09:15:00+00:00,43.0,90.0,63.1,27.5,10.8,350.0,37.4,30.0,90
5408,2025-05-12 09:30:00+00:00,43.0,90.0,56.4,28.6,12.8,620.0,37.9,29.0,90
5408,2025-05-12 09:45:00+00:00,43.0,90.0,55.7,31.1,33.7,790.0,37.7,31.0,90
5408,2025-05-12 10:00:00+00:00,43.0,90.0,55.9,35.4,49.3,580.0,37.0,33.0,90
5408,2025-05-12 10:15:00+00:00,68.0,209.0,64.9,39.0,37.9,740.0,37.1,32.0,173
5408,2025-05-12 10:30:00+00:00,68.0,209.0,68.0,40.6,39.9,850.0,37.1,32.0,173
5408,2025-05-12 10:45:00+00:00,68.0,209.0,75.1,39.9,30.3,850.0,36.8,31.0,173
5408,2025-05-12 11:15:00+00:00,65.0,155.0,77.8,36.2,17.0,770.0,36.5,29.0,137
5408,2025-05-12 11:30:00+00:00,65.0,155.0,80.6,33.8,16.3,1240.0,36.2,30.0,137
5408,2025-05-12 11:45:00+00:00,65.0,155.0,103.5,32.0,16.5,1370.0,35.2,38.0,137
5408,2025-05-12 12:00:00+00:00,65.0,155.0,64.3,30.5,12.6,1290.0,32.8,49.0,137
5408,2025-05-12 12:30:00+00:00,62.0,130.0,53.5,29.5,11.4,1480.0,31.6,54.0,120
5408,2025-05-12 13:00:00+00:00,62.0,130.0,48.8,30.5,10.9,1130.0,31.1,58.0,120
5408,2025-05-12 13:15:00+00:00,71.0,136.0,46.3,30.9,11.3,1400.0,30.8,58.0,135
5408,2025-05-12 13:45:00+00:00,71.0,136.0,43.9,31.5,12.3,1610.0,30.6,59.0,135
5408,2025-05-12 14:00:00+00:00,71.0,136.0,43.1,31.7,13.2,1570.0,30.4,59.0,135
5408,2025-05-12 14:15:00+00:00,73.0,125.0,40.6,31.0,13.1,1590.0,30.1,60.0,142
5408,2025-05-12 15:00:00+00:00,73.0,125.0,37.4,32.8,13.3,1940.0,29.3,63.0,142
5408,2025-05-12 15:15:00+00:00,75.0,130.0,39.6,32.7,13.3,1080.0,29.0,64.0,149
5408,2025-05-12 15:30:00+00:00,75.0,130.0,42.5,31.5,12.9,0.0,28.7,64.0,149
5408,2025-05-12 16:00:00+00:00,75.0,130.0,41.9,29.8,11.4,0.0,28.4,66.0,149
5408,2025-05-12 16:15:00+00:00,71.0,116.0,51.4,28.7,11.8,0.0,28.3,66.0,135
5408,2025-05-12 16:30:00+00:00,71.0,116.0,53.1,28.0,11.4,0.0,28.1,67.0,135
5408,2025-05-12 16:45:00+00:00,71.0,116.0,48.8,28.6,11.3,0.0,27.7,69.0,135
5408,2025-05-12 17:00:00+00:00,71.0,116.0,47.2,30.2,10.5,0.0,27.3,71.0,135
5408,2025-05-12 17:15:00+00:00,70.0,128.0,50.0,29.1,10.5,0.0,27.0,73.0,132
5408,2025-05-12 17:30:00+00:00,70.0,128.0,48.0,28.4,11.5,0.0,26.9,74.0,132
5408,2025-05-12 17:45:00+00:00,70.0,128.0,44.1,28.4,11.2,0.0,26.8,75.0,132
5408,2025-05-12 18:15:00+00:00,76.0,151.0,42.7,27.4,10.8,0.0,26.6,75.0,152
5408,2025-05-12 19:15:00+00:00,82.0,165.0,37.0,30.0,11.8,140.0,26.2,78.0,173
5408,2025-05-12 19:45:00+00:00,82.0,165.0,38.6,29.9,11.5,1440.0,26.1,78.0,173
5408,2025-05-12 20:00:00+00:00,82.0,165.0,36.1,29.7,11.7,1390.0,26.1,78.0,173
5408,2025-05-12 20:15:00+00:00,89.0,162.0,38.6,29.8,11.9,1230.0,25.9,79.0,197
5408,2025-05-12 20:45:00+00:00,89.0,162.0,32.5,30.1,11.5,1250.0,25.9,80.0,197
5408,2025-05-12 21:00:00+00:00,89.0,162.0,30.0,31.2,11.5,1250.0,25.9,79.0,197
5408,2025-05-12 21:15:00+00:00,89.0,151.0,-22.3,31.7,11.4,880.0,25.9,80.0,197
5408,2025-05-12 21:30:00+00:00,89.0,151.0,136.2,31.3,11.3,920.0,25.9,80.0,197
5408,2025-05-12 22:00:00+00:00,89.0,151.0,28.0,30.9,10.7,1210.0,25.7,80.0,197
5408,2025-05-12 22:15:00+00:00,79.0,138.0,30.4,27.4,10.9,1060.0,25.6,80.0,162
5408,2025-05-12 22:30:00+00:00,79.0,138.0,26.9,28.5,11.1,1270.0,25.6,80.0,162
5408,2025-05-12 22:45:00+00:00,79.0,138.0,26.7,29.0,11.1,1190.0,25.6,80.0,162
5408,2025-05-12 23:00:00+00:00,79.0,138.0,25.7,29.6,11.1,1290.0,25.5,81.0,162
5408,2025-05-12 23:15:00+00:00,74.0,140.0,29.0,30.0,10.9,1570.0,25.3,81.0,145
5408,2025-05-12 23:30:00+00:00,74.0,140.0,24.3,30.2,11.0,1680.0,25.1,82.0,145
5408,2025-05-12 23:45:00+00:00,74.0,140.0,23.3,30.3,10.8,1940.0,25.2,82.0,145
5408,2025-05-13 00:00:00+00:00,74.0,140.0,16.7,32.8,10.6,1840.0,25.1,82.0,145
5408,2025-05-13 00:15:00+00:00,71.0,142.0,16.5,36.2,10.5,960.0,24.9,82.0,135
5408,2025-05-13 00:30:00+00:00,71.0,142.0,20.6,36.2,10.5,2060.0,24.9,82.0,135
5408,2025-05-13 00:45:00+00:00,71.0,142.0,21.8,36.2,10.5,2590.0,24.9,82.0,135
5408,2025-05-13 01:00:00+00:00,71.0,142.0,21.8,36.2,10.5,2580.0,24.9,82.0,135
5408,2025-05-13 01:15:00+00:00,68.0,130.0,21.8,36.2,10.5,2600.0,24.9,82.0,125
5408,2025-05-13 01:45:00+00:00,68.0,130.0,21.8,36.2,10.5,2740.0,24.9,82.0,125
5408,2025-05-13 02:15:00+00:00,48.0,87.0,21.8,36.2,10.5,2380.0,24.9,82.0,105
5408,2025-05-13 02:30:00+00:00,48.0,87.0,21.8,36.2,10.5,2200.0,24.9,82.0,102
5408,2025-05-13 02:45:00+00:00,48.0,87.0,21.8,36.2,10.5,3190.0,24.9,82.0,115
5408,2025-05-13 03:00:00+00:00,48.0,87.0,21.8,36.2,10.5,3450.0,24.9,82.0,118
5408,2025-05-13 03:15:00+00:00,51.0,90.0,21.8,36.2,10.5,1600.0,24.9,82.0,90
5408,2025-05-13 03:30:00+00:00,51.0,90.0,21.8,36.2,10.5,1600.0,24.9,82.0,90
5408,2025-05-13 03:45:00+00:00,51.0,90.0,21.8,36.2,10.5,1600.0,24.9,82.0,90
5408,2025-05-13 04:15:00+00:00,40.0,82.0,21.8,36.2,10.5,1600.0,24.9,82.0,82
5408,2025-05-13 04:30:00+00:00,40.0,82.0,21.8,36.2,10.5,1600.0,24.9,82.0,82
5408,2025-05-13 04:45:00+00:00,40.0,82.0,21.8,36.2,10.5,1600.0,24.9,82.0,82
5408,2025-05-13 05:45:00+00:00,43.0,82.0,21.8,36.2,10.5,1600.0,24.9,82.0,82
